;date;y;rec_0;rec_1;gmean;perf_avail
0;2011-04-13 19:50:46;False;0.0;0;0.0;True
1;2011-04-13 19:54:23;False;0.5002501250625312;0;0.0;True
2;2011-04-14 09:45:20;False;0.333333222111037;0;0.0;True
3;2011-04-14 10:13:54;False;0.5002501250625313;0;0.0;True
4;2011-04-14 10:20:00;False;0.39999979979992006;0;0.0;True
5;2011-04-14 10:30:29;False;0.3331663053751693;0;0.0;True
6;2011-04-14 10:36:45;True;0.3331663053751693;1.0;0.5772056006096695;True
7;2011-04-14 10:38:55;False;0.42871442885742855;1.0;0.6547628798713535;True
8;2011-04-14 10:39:43;False;0.5003754377809524;1.0;0.7073722059714761;True
9;2011-04-14 11:42:44;False;0.4445554069995309;1.0;0.6667498833892144;True
10;2011-04-14 11:43:52;False;0.5003502748367185;1.0;0.7073544195357222;True
11;2011-04-14 13:24:11;False;0.45463599918154735;1.0;0.6742670088188709;True
12;2011-04-14 13:40:20;True;0.45463599918154735;1.0;0.6742670088188709;True
13;2011-04-14 13:40:29;False;0.500333499596536;1.0;0.7073425617029814;True
14;2011-04-14 14:22:24;False;0.4616148450774664;1.0;0.6794224349235654;True
15;2011-04-14 14:54:39;False;0.500321517330097;1.0;0.7073340917346604;True
16;2011-04-14 16:04:31;True;0.500321517330097;1.0;0.7073340917346604;True
17;2011-04-14 16:05:10;False;0.46673264320183366;1.0;0.6831783392364205;True
18;2011-04-14 16:06:46;False;0.5003125306722473;1.0;0.7073277392215347;True
19;2011-04-14 19:27:03;True;0.5003125306722473;1.0;0.7073277392215347;True
20;2011-04-14 20:38:12;False;0.5299417640560026;1.0;0.7279709912187453;True
21;2011-04-14 20:52:34;False;0.5002495118129023;1.0;0.707283190676056;True
22;2011-04-15 06:59:52;False;0.5267896824711178;1.0;0.7258027848328482;True
23;2011-04-15 07:00:01;False;0.5506757603488939;1.0;0.742075306386686;True
24;2011-04-15 08:14:42;False;0.5722869015580031;1.0;0.756496465000335;True
25;2011-04-15 08:25:52;False;0.5459996761075198;1.0;0.7389179089097244;True
26;2011-04-15 09:09:07;False;0.565956820163498;1.0;0.7523010169895412;True
27;2011-04-15 09:13:08;False;0.5842507986848553;1.0;0.764363001907376;True
28;2011-04-15 09:21:25;False;0.601081191536063;1.0;0.7752942612557266;True
29;2011-04-15 10:23:41;False;0.6166168739870715;1.0;0.78524956159623;True
30;2011-04-15 10:30:07;False;0.6310017027493328;1.0;0.7943561561096715;True
31;2011-04-15 10:38:28;False;0.6443589835755318;1.0;0.8027197416131808;True
32;2011-04-15 10:39:53;False;0.6567950145283395;1.0;0.8104289077570836;True
33;2011-04-15 12:44:35;False;0.6684019205954157;1.0;0.8175585120316562;True
34;2011-04-15 14:16:55;False;0.6792599396692486;1.0;0.8241722754796164;True
35;2011-04-15 14:32:39;False;0.6894392799057762;1.0;0.8303248038603787;True
36;2011-04-15 14:40:13;False;0.6682110117941452;1.0;0.8174417482574188;True
37;2011-04-15 15:00:00;False;0.6482315753313304;1.0;0.8051282974354649;True
38;2011-04-15 15:00:16;False;0.6584539863451955;1.0;0.8114517769684132;True
39;2011-04-15 19:05:10;False;0.6398415412540821;1.0;0.7999009571528728;True
40;2011-04-16 20:38:37;False;0.6222352800173334;1.0;0.7888189145915134;True
41;2011-04-16 20:39:22;True;0.6222352800173334;1.0;0.7888189145915134;True
42;2011-04-16 20:40:19;False;0.6055557670667471;1.0;0.7781746378973984;True
43;2011-04-16 20:50:05;False;0.615863168605825;1.0;0.784769500303003;True
44;2011-04-16 21:07:01;False;0.625655136357863;1.0;0.7909836511318442;True
45;2011-04-18 14:36:59;False;0.6349693849906969;1.0;0.7968496627286084;True
46;2011-04-18 17:49:12;False;0.6195389185884306;1.0;0.7871079459568621;True
47;2011-04-18 17:50:01;True;0.6195389185884306;1.0;0.7871079459568621;True
48;2011-04-19 15:26:09;True;0.6195389185884306;1.0;0.7871079459568621;True
49;2011-04-19 15:26:44;False;0.6285740205101423;1.0;0.7928266017926885;True
50;2011-04-20 07:14:35;True;0.6285740205101423;0.8745618434223681;0.7414356709147191;True
51;2011-04-20 09:03:25;False;0.6139787985340609;0.8745618434223681;0.7327772034310286;True
52;2011-04-20 09:03:25;False;0.6227472164714379;0.8745618434223681;0.7379911609385368;True
53;2011-04-20 09:28:54;False;0.6311343358818556;0.8745618434223681;0.7429441487998864;True
54;2011-04-20 09:48:35;False;0.6391644949697235;0.8745618434223681;0.747655588470285;True
55;2011-04-20 13:55:58;False;0.6255330869785637;0.8745618434223681;0.7396400270872698;True
56;2011-04-20 14:38:33;True;0.6255330869785637;0.888555259630766;0.7455338453134587;True
57;2011-04-20 14:41:29;False;0.6333602103823528;0.888555259630766;0.7501836749597315;True
58;2011-04-20 17:38:41;False;0.6203800205166066;0.888555259630766;0.7424566857398978;True
59;2011-04-20 17:39:34;True;0.6203800205166066;0.7992991503772285;0.7041798231346388;True
60;2011-04-20 17:40:33;True;0.6203800205166066;0.7262715464587283;0.6712409082383861;True
61;2011-04-20 17:59:38;False;0.6280112512528199;0.7262715464587283;0.6753567225110493;True
62;2011-04-20 20:38:13;False;0.6353489106844754;0.7262715464587283;0.6792906858655449;True
63;2011-04-20 20:56:27;False;0.642409616055859;0.7262715464587283;0.6830547747529817;True
64;2011-04-20 21:12:54;False;0.649208753704284;0.7262715464587283;0.6866599198492321;True
65;2011-04-20 21:23:58;False;0.6557605909607258;0.7262715464587283;0.690116119579695;True
66;2011-04-20 21:24:18;False;0.6620783760611018;0.7262715464587283;0.6934325389385617;True
67;2011-04-21 11:00:43;True;0.6620783760611018;0.7492079817579487;0.7042970991664798;True
68;2011-04-21 13:32:44;False;0.6681744275405744;0.7492079817579487;0.7075320588637285;True
69;2011-04-21 14:19:39;True;0.6681744275405744;0.7686156958492188;0.7166375322104976;True
70;2011-04-21 15:14:55;False;0.6563226217167409;0.7686156958492188;0.7102533833727204;True
71;2011-04-21 15:16:10;False;0.662318278204325;0.7686156958492188;0.7134901711135717;True
72;2011-04-21 15:18:52;True;0.662318278204325;0.7133568248431191;0.6873639967116396;True
73;2011-04-21 15:43:22;False;0.6681140224301606;0.7133568248431191;0.6903649018265223;True
74;2011-04-21 15:59:05;False;0.6737196861454939;0.7133568248431191;0.6932550296557914;True
75;2011-04-21 16:34:24;True;0.6737196861454939;0.6654659151615664;0.6695800829648194;True
76;2011-04-21 16:49:46;False;0.6791444667950501;0.6654659151615664;0.6722704025335952;True
77;2011-04-21 16:51:29;False;0.6843969778588207;0.6654659151615664;0.6748650688875742;True
78;2011-04-21 17:55:27;False;0.6733627726398642;0.6654659151615664;0.6694026992255985;True
79;2011-04-21 18:17:53;False;0.6785505363991978;0.6654659151615664;0.6719763788171902;True
80;2011-04-21 18:24:21;False;0.683581040648001;0.6654659151615664;0.674462662274138;True
81;2011-04-21 18:49:58;True;0.683581040648001;0.6235614740559035;0.6528819199082908;True
82;2011-04-21 18:50:11;False;0.6884613268575988;0.6235614740559035;0.6552083331321477;True
83;2011-04-21 19:19:43;False;0.6779938250448987;0.6235614740559035;0.6502082965833313;True
84;2011-04-21 21:11:43;False;0.6678298443806783;0.6235614740559035;0.6453161722601878;True
85;2011-04-22 06:00:34;False;0.6579563768141586;0.6235614740559035;0.6405281010156527;True
86;2011-04-22 13:23:45;False;0.6629445298860939;0.6235614740559035;0.6429515287119789;True
87;2011-04-22 14:30:30;False;0.6534061199420088;0.6235614740559035;0.6383093946576279;True
88;2011-04-22 14:45:42;True;0.6534061199420088;0.6458825960060691;0.6496334666520788;True
89;2011-04-22 14:59:38;False;0.6583270132396644;0.6458825960060691;0.6520751186268007;True
90;2011-04-22 15:40:59;True;0.6583270132396644;0.6657235370230307;0.6620149452782141;True
91;2011-04-22 16:16:25;False;0.6491019262971219;0.6657235370230307;0.6573601982649867;True
92;2011-04-22 16:27:28;False;0.6539558706104684;0.6657235370230307;0.6598134700351126;True
93;2011-04-22 17:02:31;True;0.6539558706104684;0.6834759046227438;0.6685529749009004;True
94;2011-04-22 17:12:52;False;0.6586820204163242;0.6834759046227438;0.6709644474655745;True
95;2011-04-22 17:22:45;False;0.6632853547223566;0.6834759046227438;0.6733049515946546;True
96;2011-04-22 17:29:49;False;0.654449993115152;0.6834759046227438;0.6688055031731773;True
97;2011-04-22 17:34:59;True;0.654449993115152;0.6994529848179833;0.6765774169291359;True
98;2011-04-22 17:41:33;True;0.654449993115152;0.6658114051075902;0.6601062562108103;True
99;2011-04-22 18:05:13;True;0.654449993115152;0.6811619066008113;0.6676723785549352;True
100;2011-04-22 18:27:59;False;0.6589969072207374;0.6811619066008113;0.6699877534451771;True
101;2011-04-25 07:42:30;False;0.6634300900507176;0.6811619066008113;0.6722375361695409;True
102;2011-04-25 14:03:36;False;0.6549074960938132;0.6811619066008113;0.6679057109251464;True
103;2011-04-25 14:11:11;True;0.6549074960938132;0.6951775304354939;0.6747421550475337;True
104;2011-04-25 14:11:33;False;0.6465928826302914;0.6951775304354939;0.6704452575297204;True
105;2011-04-25 14:15:05;False;0.6510278192933879;0.6951775304354939;0.6727405976014696;True
106;2011-04-25 15:31:16;True;0.6510278192933879;0.7080251363191774;0.6789286122286922;True
107;2011-04-25 16:06:42;True;0.6510278192933879;0.6793628053872441;0.6650444238547496;True
108;2011-04-25 16:07:17;False;0.6553571022845274;0.6793628053872441;0.6672520060205676;True
109;2011-04-26 07:28:40;False;0.6473185519860211;0.6793628053872441;0.6631471536969995;True
110;2011-04-26 07:29:39;False;0.6515963174675267;0.6793628053872441;0.6653347294518273;True
111;2011-04-26 07:45:51;True;0.6515963174675267;0.6918498517029265;0.6714214887908201;True
112;2011-04-26 08:32:32;False;0.6437799260550224;0.6918498517029265;0.6673822340836533;True
113;2011-04-26 09:10:04;False;0.6361412907597717;0.6918498517029265;0.6634110774431312;True
114;2011-04-26 09:14:14;True;0.6361412907597717;0.7034118814730352;0.6689314929168877;True
115;2011-04-26 09:38:41;True;0.6361412907597717;0.7141480036134241;0.6740170864393259;True
116;2011-04-26 10:40:49;False;0.64041217533954;0.7141480036134241;0.6762758878656422;True
117;2011-04-26 13:53:47;True;0.64041217533954;0.7241436568446659;0.6809922279572813;True
118;2011-04-26 14:26:53;True;0.64041217533954;0.7334728880579329;0.6853648428346436;True
119;2011-04-26 14:27:08;False;0.6445880893761;0.7334728880579329;0.6875957297150943;True
120;2011-04-26 19:26:25;False;0.6371810621207331;0.7334728880579329;0.6836336985912231;True
121;2011-04-27 02:43:14;False;0.6413069661368858;0.7334728880579329;0.6858434752799596;True
122;2011-04-27 06:46:29;False;0.6453440790783276;0.7334728880579329;0.6879988266506477;True
123;2011-04-27 13:31:53;True;0.6453440790783276;0.7094556723280574;0.6766409812488791;True
124;2011-04-27 14:14:05;False;0.6492952347038972;0.7094556723280574;0.6787092067124603;True
125;2011-04-27 14:50:36;False;0.6531631474562831;0.7094556723280574;0.6807277722544508;True
126;2011-04-27 14:51:12;True;0.6531631474562831;0.7186766893787995;0.6851373062665017;True
127;2011-04-27 14:51:24;False;0.656950418676408;0.7186766893787995;0.6871207695742991;True
128;2011-04-27 15:17:28;False;0.6498473334731353;0.7186766893787995;0.6833960273678166;True
129;2011-04-27 15:17:39;False;0.6535964699609836;0.7186766893787995;0.6853645360107493;True
130;2011-04-28 10:42:36;True;0.6535964699609836;0.7273388106677614;0.6894824719440438;True
131;2011-04-28 11:44:53;False;0.6572698062690159;0.7273388106677614;0.6914172684996637;True
132;2011-04-28 12:10:22;False;0.6503662811254124;0.7273388106677614;0.6877765897529317;True
133;2011-04-28 12:10:33;False;0.6540040305469694;0.7273388106677614;0.6896974073823643;True
134;2011-04-28 13:14:13;False;0.6575703914643845;0.7273388106677614;0.6915753512510692;True
135;2011-05-02 11:19:24;True;0.6575703914643845;0.7055914594595586;0.6811578761276627;True
136;2011-05-03 11:28:07;True;0.6575703914643845;0.7141469888827331;0.6852750652422209;True
137;2011-05-03 15:25:41;True;0.6575703914643845;0.7222271639350265;0.6891409136852691;True
138;2011-05-03 16:20:45;False;0.650854974361715;0.7222271639350265;0.6856129682745695;True
139;2011-05-03 16:22:49;False;0.6442688130521811;0.7222271639350265;0.6821352048255995;True
140;2011-05-03 16:30:08;False;0.6478360141039147;0.7222271639350265;0.684021028303401;True
141;2011-05-03 16:36:51;False;0.6413977675845861;0.7222271639350265;0.6806136133202692;True
142;2011-05-03 17:02:45;False;0.6350799738278144;0.7222271639350265;0.6772532822877961;True
143;2011-05-03 17:07:47;False;0.63864291853007;0.7222271639350265;0.679150398525364;True
144;2011-05-03 18:44:21;False;0.6421404250937361;0.7222271639350265;0.6810075315761797;True
145;2011-05-03 18:44:52;False;0.6455742781966757;0.7222271639350265;0.6828259515069611;True
146;2011-05-03 18:45:12;False;0.6489461982040481;0.7222271639350265;0.6846068742536312;True
147;2011-05-03 18:47:35;False;0.6522578440394121;0.7222271639350265;0.6863514645245243;True
148;2011-05-03 19:06:18;False;0.6461562645261316;0.7222271639350265;0.6831336665598899;True
149;2011-05-04 12:30:14;False;0.6401618432523987;0.7222271639350265;0.6799575519924747;True
150;2011-05-04 14:06:22;False;0.6342717847833329;0.7222271639350265;0.6768222161602514;True
151;2011-05-04 14:15:50;False;0.6284833900783382;0.7222271639350265;0.673726781712401;True
152;2011-05-04 14:42:19;False;0.6318465393529922;0.7222271639350265;0.6755270047593009;True
153;2011-05-04 14:44:30;True;0.6318465393529922;0.7298705268630525;0.6790921635346449;True
154;2011-05-04 14:56:29;False;0.6351526215785408;0.7298705268630525;0.680866490987755;True
155;2011-05-04 15:04:55;False;0.6294939971732717;0.7298705268630525;0.67782675911621;True
156;2011-05-04 15:06:51;False;0.6327689621893549;0.7298705268630525;0.6795876807415886;True
157;2011-05-04 16:10:54;False;0.6359897310872683;0.7298705268630525;0.6813150226643734;True
158;2011-05-04 16:12:15;True;0.6359897310872683;0.7103057652752421;0.6721213972543484;True
159;2011-05-04 16:23:00;False;0.6391576365599846;0.7103057652752421;0.6737932577343402;True
160;2011-05-04 21:10:11;False;0.6422739679608799;0.7103057652752421;0.6754338622906162;True
161;2011-05-04 21:11:13;False;0.6367691540003572;0.7103057652752421;0.6725331227797574;True
162;2011-05-04 21:18:47;False;0.6398589475869912;0.7103057652752421;0.6741628137430815;True
163;2011-05-04 22:11:01;False;0.6428996334358168;0.7103057652752421;0.675762766155994;True
164;2011-05-04 22:12:26;True;0.6428996334358168;0.7178758969987025;0.6793542161736202;True
165;2011-05-04 22:12:34;False;0.6458923715737158;0.7178758969987025;0.6809335985307969;True
166;2011-05-04 22:19:21;False;0.6488382857767432;0.7178758969987025;0.6824847004945093;True
167;2011-05-04 23:18:01;True;0.6488382857767432;0.7250674753449782;0.685894698751424;True
168;2011-05-04 23:18:17;False;0.6517384649751968;0.7250674753449782;0.687425896649797;True
169;2011-05-04 23:54:18;True;0.6517384649751968;0.7319081993420293;0.6906610792146425;True
170;2011-05-04 23:59:10;False;0.6545939645938392;0.7319081993420293;0.6921724423335828;True
171;2011-05-05 01:08:21;True;0.6545939645938392;0.7384231300151616;0.6952462328013124;True
172;2011-05-05 08:37:10;False;0.6574058078307349;0.7384231300151616;0.6967378662800788;True
173;2011-05-05 09:03:38;False;0.6601749868779581;0.7384231300151616;0.6982037526167701;True
174;2011-05-05 09:35:12;False;0.6548763415125096;0.7384231300151616;0.6953961733231966;True
175;2011-05-05 09:53:30;False;0.65762701969688;0.7384231300151616;0.6968550798172547;True
176;2011-05-05 12:20:17;False;0.6603368865298631;0.7384231300151616;0.6982893602338848;True
177;2011-05-05 12:20:36;False;0.6630068422634754;0.7384231300151616;0.6996996410501181;True
178;2011-05-05 13:06:54;False;0.6656377608650149;0.7384231300151616;0.7010865273518155;True
179;2011-05-05 13:30:14;False;0.6604762358504711;0.7384231300151616;0.6983630355175859;True
180;2011-05-05 14:01:57;False;0.663091326745563;0.7384231300151616;0.6997442196841392;True
181;2011-05-05 16:19:11;True;0.663091326745563;0.7208872280083563;0.6913856148734888;True
182;2011-05-05 16:19:22;False;0.665668999442009;0.7208872280083563;0.6927281427651442;True
183;2011-05-05 16:22:07;False;0.6682100500733514;0.7208872280083563;0.6940490549843745;True
184;2011-05-05 18:27:15;False;0.6631646852665303;0.7208872280083563;0.6914238581903456;True
185;2011-05-05 18:54:30;False;0.6581900028162216;0.7208872280083563;0.6888256431296662;True
186;2011-05-05 19:01:29;False;0.6607375036658507;0.7208872280083563;0.6901573932508702;True
187;2011-05-05 20:54:54;False;0.66324980623726;0.7208872280083563;0.6914682308649167;True
188;2011-05-05 20:55:04;False;0.6657276337844744;0.7208872280083563;0.6927586509943069;True
189;2011-05-05 20:59:04;False;0.6608601190075374;0.7208872280083563;0.6902214277263609;True
190;2011-05-06 08:22:02;True;0.6608601190075374;0.727368108112614;0.693317080771554;True
191;2011-05-06 08:22:29;False;0.6560584991737592;0.727368108112614;0.6907937676001559;True
192;2011-05-06 08:22:52;False;0.6585419189478801;0.727368108112614;0.6920999853330224;True
193;2011-05-06 08:24:04;False;0.6609921655714435;0.727368108112614;0.6933863432091524;True
194;2011-05-06 08:26:04;False;0.6634098981154755;0.727368108112614;0.6946532966130913;True
195;2011-05-06 08:26:18;False;0.6657957583070394;0.727368108112614;0.695901286900085;True
196;2011-05-06 08:26:32;True;0.6657957583070394;0.7335609036431396;0.6988574519209774;True
197;2011-05-06 08:27:51;False;0.6681503710960325;0.7335609036431396;0.7000921296448809;True
198;2011-05-06 09:44:09;False;0.6704743451998989;0.7335609036431396;0.7013086100529353;True
199;2011-05-06 10:10:05;False;0.6658069691159292;0.7335609036431396;0.6988633356505268;True
200;2011-05-06 10:10:24;False;0.6681196022590875;0.7335609036431396;0.7000760095695833;True
201;2011-05-06 11:17:49;False;0.6635233897036356;0.7335609036431396;0.6976638283151549;True
202;2011-05-06 11:30:07;True;0.6635233897036356;0.7394844027247033;0.7004749799449396;True
203;2011-05-06 11:30:21;False;0.6658245924781968;0.7394844027247033;0.7016886069248655;True
204;2011-05-06 11:44:17;True;0.6658245924781968;0.7233859203379707;0.6940087431823138;True
205;2011-05-06 11:46:42;False;0.6680967894356414;0.7233859203379707;0.6951919237884923;True
206;2011-05-06 12:18:53;True;0.6680967894356414;0.7292852457943242;0.6980208673800309;True
207;2011-05-06 13:28:49;False;0.6635803156475316;0.7292852457943242;0.6956574829621869;True
208;2011-05-06 13:41:59;False;0.6658415577281094;0.7292852457943242;0.696841749673353;True
209;2011-05-06 14:12:41;False;0.6613915698627809;0.7292852457943242;0.6945092609848137;True
210;2011-05-06 14:14:06;False;0.6636417872545677;0.7292852457943242;0.6956897037741266;True
211;2011-05-06 14:14:30;False;0.6658645025525954;0.7292852457943242;0.6968537561137093;True
212;2011-05-06 14:36:05;False;0.6680602157968971;0.7292852457943242;0.6980017612319108;True
213;2011-05-06 14:37:30;True;0.6680602157968971;0.7140416944499948;0.69066840703933;True
214;2011-05-06 14:45:37;False;0.6702294149783603;0.7140416944499948;0.691788802411095;True
215;2011-05-06 14:45:41;False;0.6723725763994798;0.7140416944499948;0.6928939700661229;True
216;2011-05-06 14:50:20;False;0.6744901650222263;0.7140416944499948;0.693984221954885;True
217;2011-05-06 15:14:32;False;0.6765826348035653;0.7140416944499948;0.6950598614440197;True
218;2011-05-06 15:23:34;False;0.6722568508192979;0.7140416944499948;0.6928343386875602;True
219;2011-05-06 15:23:54;False;0.6743410609228665;0.7140416944499948;0.6939075109685517;True
220;2011-05-06 15:40:11;True;0.6743410609228665;0.7199021716932453;0.6967493051451854;True
221;2011-05-06 15:46:43;True;0.6743410609228665;0.7054304898097776;0.6897106240342125;True
222;2011-05-06 15:46:53;False;0.676400977286665;0.7054304898097776;0.6907632537383155;True
223;2011-05-06 16:50:53;False;0.6784370211914218;0.7054304898097776;0.6918021105519635;True
224;2011-05-06 17:16:57;True;0.6784370211914218;0.6915155294665869;0.6849450605113669;True
225;2011-05-06 17:17:13;False;0.680449604233262;0.6915155294665869;0.6859602527455171;True
226;2011-05-06 19:27:58;False;0.6824391286004111;0.6915155294665869;0.6869623391007905;True
227;2011-05-06 19:56:03;False;0.6782123441142546;0.6915155294665869;0.6848316349519374;True
228;2011-05-07 01:00:30;False;0.674033442547017;0.6915155294665869;0.6827185312418923;True
229;2011-05-07 01:23:51;False;0.6760316178659465;0.6915155294665869;0.683729743513271;True
230;2011-05-07 08:28:37;False;0.678007408559988;0.6915155294665869;0.684728159281206;True
231;2011-05-07 17:40:25;True;0.678007408559988;0.6974886857847873;0.6876790649342579;True
232;2011-05-08 02:00:55;True;0.678007408559988;0.7032405632342561;0.6905087341031425;True
233;2011-05-08 02:01:18;False;0.6799611877083057;0.7032405632342561;0.6915029201828599;True
234;2011-05-08 13:47:39;False;0.6818933201452321;0.7032405632342561;0.692484687574108;True
235;2011-05-09 07:55:22;False;0.6838041626867737;0.7032405632342561;0.6934542699484773;True
236;2011-05-09 12:41:51;False;0.6856940643496918;0.7032405632342561;0.6944118950735676;True
237;2011-05-09 13:36:06;True;0.6856940643496918;0.7087832315720044;0.6971430662349849;True
238;2011-05-09 14:03:50;False;0.6875633665634382;0.7087832315720044;0.6980926764143571;True
239;2011-05-09 14:07:58;True;0.6875633665634382;0.6957750168753801;0.6916570052949434;True
240;2011-05-09 14:08:08;False;0.6894124033752171;0.6957750168753801;0.6925864037017245;True
241;2011-05-09 14:09:18;False;0.6912415016484335;0.6957750168753801;0.6935045547611075;True
242;2011-05-09 14:25:55;False;0.6871904798726252;0.6957750168753801;0.6914694264607628;True
243;2011-05-09 14:39:49;False;0.683182679037034;0.6957750168753801;0.6894500997432372;True
244;2011-05-09 15:14:15;False;0.6792174130903268;0.6957750168753801;0.6874463666752295;True
245;2011-05-09 15:14:31;False;0.6810703680240935;0.6957750168753801;0.688383430077515;True
246;2011-05-09 15:27:39;False;0.6829038622036879;0.6957750168753801;0.6893093980565137;True
247;2011-05-09 15:44:29;False;0.6789964728043576;0.6957750168753801;0.687334549054371;True
248;2011-05-09 18:28:44;False;0.675129698273391;0.6957750168753801;0.6853746254489138;True
249;2011-05-09 18:47:38;False;0.6713029105410708;0.6957750168753801;0.6834294359406868;True
250;2011-05-09 18:53:56;False;0.6675154944211369;0.6957750168753801;0.681498792658831;True
251;2011-05-09 19:05:25;False;0.6693826676942971;0.6957750168753801;0.6824512707227429;True
252;2011-05-09 19:34:24;False;0.665640806604305;0.6957750168753801;0.6805411401583684;True
253;2011-05-09 19:39:17;False;0.6619368637487444;0.6957750168753801;0.6786450711124474;True
254;2011-05-09 19:39:25;False;0.6638094608166686;0.6957750168753801;0.6796043251788165;True
255;2011-05-09 19:47:24;False;0.660149106935807;0.6957750168753801;0.6777280103541009;True
256;2011-05-09 19:50:29;False;0.6620146788196418;0.6957750168753801;0.6786849595559679;True
257;2011-05-09 20:07:58;False;0.6638617177976586;0.6957750168753801;0.6796310748513378;True
258;2011-05-09 20:57:09;False;0.665690497757648;0.6957750168753801;0.680566541427881;True
259;2011-05-09 21:46:13;False;0.6675012872170634;0.6957750168753801;0.6814915402099943;True
260;2011-05-10 02:00:17;False;0.6692943494540057;0.6957750168753801;0.682406247982796;True
261;2011-05-10 11:00:31;False;0.6710699426343913;0.6957750168753801;0.6833108375117461;True
262;2011-05-10 11:33:16;False;0.6674825716170021;0.6957750168753801;0.6814819862115519;True
263;2011-05-10 11:34:29;False;0.6692524347210224;0.6957750168753801;0.6823848797137203;True
264;2011-05-10 11:44:27;False;0.6710053005519775;0.6957750168753801;0.6832779261142728;True
265;2011-05-10 11:58:06;True;0.6710053005519775;0.7012631864007631;0.6859674300991859;True
266;2011-05-10 11:58:24;False;0.6727414119305776;0.7012631864007631;0.6868542684981911;True
267;2011-05-10 12:35:17;False;0.6744610070743076;0.7012631864007631;0.6877315427723208;True
268;2011-05-10 12:41:25;False;0.6761643197059954;0.7012631864007631;0.68859940848619;True
269;2011-05-10 12:48:51;False;0.6726413458342201;0.7012631864007631;0.6868031839505426;True
270;2011-05-10 13:00:44;False;0.6743398098735146;0.7012631864007631;0.6876697490720278;True
271;2011-05-10 13:00:59;False;0.6760224142191489;0.7012631864007631;0.6885271470854704;True
272;2011-05-10 13:20:00;False;0.6776893791472094;0.7012631864007631;0.6893755242324222;True
273;2011-05-10 13:20:07;False;0.6793409208734058;0.7012631864007631;0.690215023615187;True
274;2011-05-10 13:49:02;True;0.6793409208734058;0.7065620583139566;0.6928178110796607;True
275;2011-05-10 13:57:04;False;0.6758742282817891;0.7065620583139566;0.691047817373109;True
276;2011-05-10 14:02:29;False;0.6775214909108204;0.7065620583139566;0.6918894269822959;True
277;2011-05-10 15:54:55;False;0.674092209684382;0.7065620583139566;0.6901362033453977;True
278;2011-05-10 17:06:41;False;0.6757351222431477;0.7065620583139566;0.6909766992071089;True
279;2011-05-10 17:07:04;False;0.6773631738090339;0.7065620583139566;0.691808585023766;True
280;2011-05-10 17:27:10;False;0.6739759246778149;0.7065620583139566;0.6900766744314787;True
281;2011-05-10 17:27:22;False;0.6755997572205579;0.7065620583139566;0.6909074866131982;True
282;2011-05-10 18:23:55;False;0.6772090956033151;0.7065620583139566;0.6917298985141609;True
283;2011-05-10 19:02:55;True;0.6772090956033151;0.7116812579178455;0.6942312446385381;True
284;2011-05-10 19:03:24;False;0.6788041322291265;0.7116812579178455;0.6950483283230429;True
285;2011-05-10 19:11:11;False;0.6754630628966121;0.7116812579178455;0.6933357067678699;True
286;2011-05-10 19:12:44;False;0.6770541911047152;0.7116812579178455;0.6941518410290022;True
287;2011-05-10 19:12:57;False;0.6786313630548958;0.7116812579178455;0.6949598708712686;True
288;2011-05-10 19:16:40;False;0.6753299496229007;0.7116812579178455;0.6932673856869521;True
289;2011-05-10 19:29:50;False;0.6769033273013392;0.7116812579178455;0.6940744999368528;True
290;2011-05-10 19:36:37;False;0.6784630813207556;0.7116812579178455;0.6948737001536127;True
291;2011-05-10 19:36:45;False;0.6800093870958377;0.7116812579178455;0.6956651033394653;True
292;2011-05-10 19:37:04;False;0.6815424170427427;0.7116812579178455;0.6964488241682572;True
293;2011-05-10 19:53:20;False;0.6830623406428966;0.7116812579178455;0.6972249750439556;True
294;2011-05-10 20:27:05;True;0.6830623406428966;0.7166297688284655;0.699644772202544;True
295;2011-05-10 20:27:20;False;0.6845693245051708;0.7166297688284655;0.7004161311443358;True
296;2011-05-10 23:13:54;False;0.6860635324264841;0.7166297688284655;0.7011801128415094;True
297;2011-05-11 05:15:42;False;0.6828257214394712;0.7166297688284655;0.6995235799494527;True
298;2011-05-11 07:35:00;True;0.6828257214394712;0.7214159855722857;0.7018556766218844;True
299;2011-05-11 07:36:31;False;0.6843170481554548;0.7214159855722857;0.7026217031511229;True
300;2011-05-11 11:56:16;True;0.6843170481554548;0.7260477610934316;0.7048736487423359;True
301;2011-05-11 12:18:30;False;0.6811113144475234;0.7260477610934316;0.7032206943129793;True
302;2011-05-11 12:22:49;False;0.6825996880036383;0.7260477610934316;0.7039886186566631;True
303;2011-05-11 12:49:31;False;0.6840757016621979;0.7260477610934316;0.7047493395600006;True
304;2011-05-11 13:25:29;False;0.6855395080173815;0.7260477610934316;0.705502958843627;True
305;2011-05-11 13:26:20;False;0.6869912571618364;0.7260477610934316;0.7062495763914576;True
306;2011-05-11 13:26:33;False;0.6884310967377285;0.7260477610934316;0.7069892901971878;True
307;2011-05-11 13:43:12;False;0.6898591719865504;0.7260477610934316;0.7077221964094411;True
308;2011-05-11 13:54:59;False;0.6867084947294235;0.7260477610934316;0.7061042168987086;True
309;2011-05-11 13:57:52;False;0.6881342522326914;0.7260477610934316;0.7068368504579033;True
310;2011-05-11 14:13:40;False;0.6850137045836978;0.7260477610934316;0.7052323493227683;True
311;2011-05-11 14:14:10;False;0.6864370714974926;0.7260477610934316;0.7059646583875756;True
312;2011-05-11 15:11:33;False;0.6878490380115191;0.7260477610934316;0.7066903522891297;True
313;2011-05-11 15:15:12;False;0.6892497398477577;0.7260477610934316;0.7074095210348068;True
314;2011-05-11 15:31:57;False;0.6906393105823972;0.7260477610934316;0.7081222529842292;True
315;2011-05-11 15:32:12;False;0.6920178816880769;0.7260477610934316;0.7088286348873383;True
316;2011-05-11 15:33:07;False;0.6933855825751307;0.7260477610934316;0.7095287519213991;True
317;2011-05-11 15:33:14;False;0.6947425406318679;0.7260477610934316;0.7102226877269763;True
318;2011-05-11 15:34:41;False;0.6960888812639116;0.7260477610934316;0.7109105244429108;True
319;2011-05-11 16:39:22;False;0.693029210340944;0.7260477610934316;0.7093463939010272;True
320;2011-05-11 16:42:35;False;0.6943739397945065;0.7260477610934316;0.7100342557577252;True
321;2011-05-11 16:53:19;False;0.6957082675823949;0.7260477610934316;0.7107161388714821;True
322;2011-05-11 16:54:32;False;0.697032313266962;0.7260477610934316;0.7113921214472742;True
323;2011-05-11 16:54:47;False;0.6940094901253944;0.7260477610934316;0.7098478967237535;True
324;2011-05-11 16:55:24;False;0.691009785203218;0.7260477610934316;0.708312153955055;True
325;2011-05-11 16:55:34;False;0.6923409057754173;0.7260477610934316;0.7089940511398105;True
326;2011-05-11 17:15:44;False;0.6936619220379886;0.7260477610934316;0.7096701243898098;True
327;2011-05-11 17:29:35;False;0.6949729479523729;0.7260477610934316;0.7103404485747115;True
328;2011-05-11 17:36:48;False;0.6962740957727348;0.7260477610934316;0.7110050972694554;True
329;2011-05-11 17:53:45;False;0.6933136809984126;0.7260477610934316;0.7094919631851675;True
330;2011-05-11 18:13:37;False;0.6946134218894299;0.7260477610934316;0.710156686786985;True
331;2011-05-11 18:15:45;False;0.6959034772432483;0.7260477610934316;0.7108158422471985;True
332;2011-05-11 19:17:06;False;0.6971839542829411;0.7260477610934316;0.7114694997520237;True
333;2011-05-11 20:00:26;False;0.6942576765430246;0.7260477610934316;0.7099748105925948;True
334;2011-05-11 20:03:30;False;0.6955368733749298;0.7260477610934316;0.7106285877107629;True
335;2011-05-11 20:30:59;False;0.6968066752403385;0.7260477610934316;0.7112769688899013;True
336;2011-05-11 20:56:26;False;0.6980671846329408;0.7260477610934316;0.7119200211368844;True
337;2011-05-12 06:27:06;False;0.6993185025610227;0.7260477610934316;0.7125578103393729;True
338;2011-05-12 06:27:29;True;0.6993185025610227;0.71416211941577;0.7067013399843265;True
339;2011-05-12 08:13:23;False;0.7005607285742776;0.71416211941577;0.707328731706879;True
340;2011-05-12 10:01:25;False;0.6976754889212996;0.71416211941577;0.7058706721719418;True
341;2011-05-12 10:14:39;False;0.6948110646731049;0.71416211941577;0.7044201463192775;True
342;2011-05-12 10:15:46;False;0.6919672328001394;0.71416211941577;0.7029770874949005;True
343;2011-05-12 10:20:24;False;0.6932241102304669;0.71416211941577;0.7036152356169539;True
344;2011-05-12 11:04:57;False;0.6904042086413267;0.71416211941577;0.7021826919661701;True
345;2011-05-12 13:40:34;False;0.687604367238241;0.71416211941577;0.7007574417916671;True
346;2011-05-12 15:19:31;True;0.687604367238241;0.7026480250521562;0.6950854988108928;True
347;2011-05-12 15:26:25;True;0.687604367238241;0.7073706704525836;0.697417494947925;True
348;2011-05-12 15:26:35;False;0.6888673867209747;0.7073706704525836;0.6980577233995302;True
349;2011-05-12 15:42:56;True;0.6888673867209747;0.711950155728816;0.7003136749003981;True
350;2011-05-12 16:03:22;False;0.6901214835674935;0.711950155728816;0.7009508525550693;True
351;2011-05-12 16:55:32;True;0.6901214835674935;0.7163928910363094;0.7031344997788002;True
352;2011-05-12 16:55:59;False;0.6913667513752464;0.7163928910363094;0.7037685882334435;True
353;2011-05-12 18:38:46;False;0.6885968085156007;0.7163928910363094;0.7023573580527701;True
354;2011-05-12 22:09:19;False;0.6858462328936631;0.7163928910363094;0.7009531835929225;True
355;2011-05-13 03:20:50;False;0.6831148234579117;0.7163928910363094;0.6995560043961967;True
356;2011-05-13 06:06:05;False;0.6843730782679972;0.7163928910363094;0.7001999772121026;True
357;2011-05-13 11:36:10;False;0.6816636893639381;0.7163928910363094;0.6988125794073174;True
358;2011-05-13 12:50:51;False;0.6789729883667259;0.7163928910363094;0.6974320196776179;True
359;2011-05-13 13:03:33;False;0.6802364404054503;0.7163928910363094;0.6980806186468069;True
360;2011-05-13 13:18:31;False;0.6775670997178389;0.7163928910363094;0.6967095904592888;True
361;2011-05-13 13:47:00;False;0.6788286814139419;0.7163928910363094;0.697357900648225;True
362;2011-05-13 13:57:04;False;0.6800816773299362;0.7163928910363094;0.698001202694677;True
363;2011-05-13 14:09:25;False;0.6774361285910601;0.7163928910363094;0.6966422515565608;True
364;2011-05-13 15:21:37;False;0.6786873008160744;0.7163928910363094;0.6972852770145495;True
365;2011-05-13 15:21:56;False;0.6799300423013119;0.7163928910363094;0.6979233831207241;True
366;2011-05-13 16:01:10;False;0.6811644373578388;0.7163928910363094;0.6985566265879262;True
367;2011-05-13 16:28:32;False;0.6823905691763202;0.7163928910363094;0.6991850632473042;True
368;2011-05-13 16:29:55;True;0.6823905691763202;0.7207049094625616;0.7012861280364283;True
369;2011-05-13 16:33:35;False;0.68360851984557;0.7207049094625616;0.7019116870398564;True
370;2011-05-13 18:12:02;True;0.68360851984557;0.7248918943508771;0.7039476365080392;True
371;2011-05-13 18:16:42;True;0.68360851984557;0.7289592042820952;0.7059197707013791;True
372;2011-05-13 18:28:38;False;0.6848183703707335;0.7289592042820952;0.7065441630522546;True
373;2011-05-13 18:58:29;False;0.6860202006911104;0.7289592042820952;0.7071638704128167;True
374;2011-05-14 03:42:46;False;0.6834116507854889;0.7289592042820952;0.7058181161982903;True
375;2011-05-14 03:51:50;False;0.6846120944735687;0.7289592042820952;0.7064377450486004;True
376;2011-05-14 03:55:46;False;0.685804656893383;0.7289592042820952;0.7070527681736036;True
377;2011-05-14 12:12:36;False;0.6869894148142427;0.7289592042820952;0.7076632371214522;True
378;2011-05-14 12:13:39;False;0.6881664440116936;0.7289592042820952;0.7082692026626621;True
379;2011-05-14 12:14:25;False;0.6855858210893342;0.7289592042820952;0.7069399512040382;True
380;2011-05-14 12:40:34;True;0.6855858210893342;0.732911895945186;0.7088540075133392;True
381;2011-05-14 13:39:17;False;0.6867616401920738;0.732911895945186;0.7094616097968927;True
382;2011-05-14 13:56:35;False;0.6879298614754775;0.732911895945186;0.7100647710253631;True
383;2011-05-14 19:57:07;False;0.6853712134676095;0.732911895945186;0.7087430532208401;True
384;2011-05-15 07:22:48;False;0.6865382526694616;0.732911895945186;0.7093462147660127;True
385;2011-05-15 08:40:42;False;0.687697821451865;0.732911895945186;0.709945007840509;True
386;2011-05-16 15:58:01;False;0.6851607135991455;0.732911895945186;0.7086342058009241;True
387;2011-05-16 16:07:33;False;0.682639745422523;0.732911895945186;0.7073293363527067;True
388;2011-05-16 16:40:55;True;0.682639745422523;0.7367547451019639;0.7091812685310015;True
389;2011-05-16 16:46:55;False;0.6838043147875581;0.7367547451019639;0.7097859350824941;True
390;2011-05-16 19:31:19;False;0.6849615214856254;0.7367547451019639;0.7103862689880734;True
391;2011-05-16 19:31:59;False;0.686111434545616;0.7367547451019639;0.7109823169884031;True
392;2011-05-16 20:01:33;False;0.6836136977423679;0.7367547451019639;0.7096869983509556;True
393;2011-05-16 20:04:58;False;0.684762444974785;0.7367547451019639;0.7102830285194736;True
394;2011-05-16 21:15:51;False;0.682282707636436;0.7367547451019639;0.7089957844389204;True
395;2011-05-16 21:16:43;False;0.6834302524886414;0.7367547451019639;0.7095917709974093;True
396;2011-05-16 21:24:42;False;0.6845706739880039;0.7367547451019639;0.7101835624810753;True
397;2011-05-17 02:10:55;False;0.6857040376908274;0.7367547451019639;0.7107712033448549;True
398;2011-05-17 03:57:45;False;0.6868304083515164;0.7367547451019639;0.7113547374083478;True
399;2011-05-17 12:53:39;False;0.6843752960408848;0.7367547451019639;0.7100822112887233;True
400;2011-05-17 13:29:30;False;0.6819352417128947;0.7367547451019639;0.7088152264054645;True
401;2011-05-17 14:46:22;True;0.6819352417128947;0.7404922658286733;0.710610844474249;True
402;2011-05-17 14:47:02;True;0.6819352417128947;0.7441287281974462;0.7123535667972993;True
403;2011-05-17 15:15:22;False;0.6795101084680736;0.7441287281974462;0.7110857844252382;True
404;2011-05-19 08:34:19;False;0.677099761061298;0.7441287281974462;0.7098234879611539;True
405;2011-05-19 09:31:56;True;0.677099761061298;0.733835256447897;0.704896926365286;True
406;2011-05-19 10:56:01;True;0.677099761061298;0.7374704415131186;0.7066406864441804;True
407;2011-05-19 12:28:12;False;0.6782422375351652;0.7374704415131186;0.7072365957498974;True
408;2011-05-19 14:45:14;False;0.6793777895053252;0.7374704415131186;0.7078283961389927;True
409;2011-05-19 17:06:04;False;0.6769861688822495;0.7374704415131186;0.70658140993368;True
410;2011-05-20 06:50:23;False;0.6781204191331114;0.7374704415131186;0.7071730798730652;True
411;2011-05-20 09:36:57;True;0.6781204191331114;0.7410111612970698;0.708868675624112;True
412;2011-05-20 11:38:30;False;0.6792478549987839;0.7410111612970698;0.709457709691841;True
413;2011-05-20 11:57:19;False;0.6803685371456525;0.7410111612970698;0.7100427309819378;True
414;2011-05-20 11:58:32;True;0.6803685371456525;0.7444610490804783;0.7116936664919836;True
415;2011-05-20 11:59:36;True;0.6803685371456525;0.747823554180499;0.7132991080892003;True
416;2011-05-20 13:19:59;True;0.6803685371456525;0.7381015352004723;0.7086473465478479;True
417;2011-05-20 13:38:10;False;0.6814825255221695;0.7381015352004723;0.709227254341095;True
418;2011-05-20 14:09:24;False;0.6825898793694429;0.7381015352004723;0.7098032388450274;True
419;2011-05-20 14:11:57;False;0.6802226586057315;0.7381015352004723;0.7085713715604358;True
420;2011-05-20 14:12:30;False;0.6813289157451831;0.7381015352004723;0.7091473180432912;True
421;2011-05-20 14:30:15;True;0.6813289157451831;0.7286196926102446;0.7045776501967165;True
422;2011-05-20 14:30:38;False;0.6824286411002851;0.7286196926102446;0.7051460463669329;True
423;2011-05-20 14:30:51;False;0.6835218918045943;0.7286196926102446;0.705710642330861;True
424;2011-05-20 15:36:29;False;0.6846087243273352;0.7286196926102446;0.7062714763302244;True
425;2011-05-22 21:46:17;False;0.6856891944830291;0.7286196926102446;0.7068285860874551;True
426;2011-05-23 18:29:10;False;0.6867633574409545;0.7286196926102446;0.7073820088146205;True
427;2011-05-24 22:09:42;False;0.6878312677344446;0.7286196926102446;0.707931781222164;True
428;2011-05-24 22:10:11;False;0.6854918970159667;0.7286196926102446;0.706726888755895;True
429;2011-05-25 00:20:28;False;0.6865590027351776;0.7286196926102446;0.707276755967352;True
430;2011-05-26 07:35:06;True;0.6865590027351776;0.7193692394667117;0.7027726713857254;True
431;2011-05-26 07:35:26;False;0.6876199490573155;0.7193692394667117;0.7033154625027805;True
432;2011-05-26 07:35:35;False;0.688674788631091;0.7193692394667117;0.7038547143675649;True
433;2011-05-26 18:54:13;False;0.6863547975853193;0.7193692394667117;0.7026681497999464;True
434;2011-05-26 21:03:18;False;0.6874089010562268;0.7193692394667117;0.703207521543581;True
435;2011-05-27 06:56:31;False;0.6884569875422815;0.7193692394667117;0.7037434046112506;True
436;2011-05-27 14:32:38;False;0.6861540790821365;0.7193692394667117;0.702565397686435;True
437;2011-05-27 15:52:51;True;0.6861540790821365;0.7228908992961592;0.704282996588313;True
438;2011-05-27 15:53:05;False;0.6872014466235256;0.7228908992961592;0.7048203116733385;True
439;2011-05-31 23:47:58;False;0.6849134633917501;0.7228908992961592;0.7036460114939252;True
440;2011-06-01 19:11:48;False;0.68596008124893;0.7228908992961592;0.704183427819276;True
441;2011-06-01 19:12:19;False;0.6836868165334052;0.7228908992961592;0.7030156311496648;True
442;2011-06-03 17:18:58;False;0.6814263161687675;0.7228908992961592;0.701852464909335;True
443;2011-06-06 11:01:06;True;0.6814263161687675;0.7263286624838664;0.7035193421677681;True
444;2011-06-06 11:33:54;False;0.6824772050483932;0.7263286624838664;0.7040616134391413;True
445;2011-06-06 14:50:40;False;0.6835222251083327;0.7263286624838664;0.7046004424785238;True
446;2011-06-07 04:59:45;True;0.6835222251083327;0.7296854900885633;0.7062267693981863;True
447;2011-06-07 10:23:08;False;0.6845614248557496;0.7296854900885633;0.7067634249107637;True
448;2011-06-07 10:53:56;False;0.6855948522647733;0.7296854900885633;0.707296695720415;True
449;2011-06-07 10:54:17;False;0.6866225547838021;0.7296854900885633;0.7078266139340057;True
450;2011-06-07 12:21:50;False;0.6876445793426836;0.7296854900885633;0.708353211247334;True
451;2011-06-07 12:24:59;False;0.6886609723597814;0.7296854900885633;0.7088765189517944;True
452;2011-06-07 13:02:59;False;0.6864251344542329;0.7296854900885633;0.7077248481177872;True
453;2011-06-08 14:53:12;False;0.6842015511243259;0.7296854900885633;0.7065776278311598;True
454;2011-06-08 14:53:20;False;0.6852222526570014;0.7296854900885633;0.7071044726556419;True
455;2011-06-09 06:38:10;False;0.6830124580397239;0.7296854900885633;0.7059633702829844;True
456;2011-06-09 06:38:54;False;0.6840324516362662;0.7296854900885633;0.7064903075829777;True
457;2011-06-09 14:28:44;False;0.6850469132816003;0.7296854900885633;0.7070139974933608;True
458;2011-06-09 14:44:16;False;0.6860558873543255;0.7296854900885633;0.7075344701089024;True
459;2011-06-09 14:45:06;False;0.687059417759682;0.7296854900885633;0.7080517551478398;True
460;2011-06-09 15:04:24;False;0.6848680281585846;0.7296854900885633;0.7069216807913623;True
461;2011-06-09 15:06:42;False;0.6858709518938664;0.7296854900885633;0.707439101032863;True
462;2011-06-09 15:18:48;False;0.6868685065582454;0.7296854900885633;0.70795337617272;True
463;2011-06-09 15:44:14;False;0.687860734655669;0.7296854900885633;0.7084645349485753;True
464;2011-06-09 20:16:35;False;0.685685808857466;0.7296854900885633;0.7073436120323227;True
465;2011-06-10 10:24:31;False;0.6866774854006213;0.7296854900885633;0.7078549268510708;True
466;2011-06-10 12:59:21;False;0.684515643448258;0.7296854900885633;0.7067397914104104;True
467;2011-06-10 13:30:26;False;0.6855067423235427;0.7296854900885633;0.7072512447718765;True
468;2011-06-10 13:31:01;False;0.6833578144911656;0.7296854900885633;0.7061418283693692;True
469;2011-06-10 13:58:30;False;0.6843483105004297;0.7296854900885633;0.7066534032598911;True
470;2011-06-10 13:59:20;False;0.6853336112731999;0.7296854900885633;0.707161927719564;True
471;2011-06-10 14:35:29;False;0.6863137570874732;0.7296854900885633;0.7076674290900324;True
472;2011-06-10 14:39:17;False;0.6872887878060219;0.7296854900885633;0.7081699343820038;True
473;2011-06-10 15:44:09;False;0.6882587428817298;0.7296854900885633;0.7086694702803229;True
474;2011-06-10 20:54:46;True;0.6882587428817298;0.7329642054453274;0.7102598275399694;True
475;2011-06-11 00:54:58;False;0.6892236613628483;0.7329642054453274;0.71075753483515;True
476;2011-06-11 01:36:06;False;0.69018358189817;0.7329642054453274;0.711252318602479;True
477;2011-06-11 01:52:31;True;0.69018358189817;0.7241717445803206;0.7069734426298433;True
478;2011-06-11 02:26:11;False;0.6911385427421238;0.7241717445803206;0.7074623694899004;True
479;2011-06-11 19:08:18;False;0.6890126427089845;0.7241717445803206;0.7063734759378091;True
480;2011-06-11 19:08:25;False;0.6899672391814886;0.7241717445803206;0.7068626311394074;True
481;2011-06-13 19:35:04;True;0.6899672391814886;0.7155792370725582;0.7026565523913862;True
482;2011-06-13 21:04:13;False;0.6909169399870635;0.7155792370725582;0.7031399695625683;True
483;2011-06-14 07:12:17;False;0.6918617822189856;0.7155792370725582;0.7036205840365404;True
484;2011-06-14 15:50:26;False;0.6928018025968075;0.7155792370725582;0.7040984202117745;True
485;2011-06-14 17:11:28;True;0.6928018025968075;0.7189176984579932;0.705738958404909;True
486;2011-06-14 19:55:58;True;0.6928018025968075;0.7105688659830426;0.7016290980441313;True
487;2011-06-15 12:49:09;True;0.6928018025968075;0.7024036469169476;0.6975862045185761;True
488;2011-06-15 12:51:42;False;0.693737037471053;0.7024036469169476;0.6980568924672449;True
489;2011-06-15 14:59:04;True;0.693737037471053;0.7057878528119176;0.6997365033302145;True
490;2011-06-15 20:40:10;True;0.693737037471053;0.6978441655765898;0.6957875710614284;True
491;2011-06-15 20:56:49;True;0.693737037471053;0.6900696135729939;0.691900895626623;True
492;2011-06-16 17:54:12;True;0.693737037471053;0.6934878268755729;0.6936124209808374;True
493;2011-06-16 19:02:33;False;0.6946675228278415;0.6934878268755729;0.6940774242164323;True
494;2011-06-16 22:34:06;False;0.6925612831750205;0.6934878268755729;0.6930244001816986;True
495;2011-06-16 22:34:16;False;0.6934915504691826;0.6934878268755729;0.6934896886698786;True
496;2011-06-17 13:03:42;True;0.6934915504691826;0.6968347743622035;0.6951611526065647;True
497;2011-06-17 15:29:45;True;0.6934915504691826;0.7001126601312898;0.6967942409187609;True
498;2011-06-17 16:07:06;False;0.6913973828659633;0.7001126601312898;0.6957413750281791;True
499;2011-06-17 18:01:44;False;0.6923274056499358;0.7001126601312898;0.6962091507954855;True
500;2011-06-17 20:38:59;True;0.6923274056499358;0.7033235983180457;0.6978038421762308;True
501;2011-06-17 21:06:44;False;0.6932527623112328;0.7033235983180457;0.6982700246556923;True
502;2011-06-20 11:44:23;False;0.6911719115466185;0.7033235983180457;0.6972212818648966;True
503;2011-06-20 12:30:08;False;0.6920970307891896;0.7033235983180457;0.6976877339325152;True
504;2011-06-20 12:34:18;False;0.6900279278320717;0.7033235983180457;0.6966440447910234;True
505;2011-06-20 12:36:47;False;0.6909527845638165;0.7033235983180457;0.6971107506754554;True
506;2011-06-20 13:10:16;False;0.6918730562988009;0.7033235983180457;0.6975748329286088;True
507;2011-06-20 15:58:56;False;0.6898168836396604;0.7033235983180457;0.696537502782145;True
508;2011-06-21 03:47:30;True;0.6898168836396604;0.7064696176380911;0.6980935968945787;True
509;2011-06-21 14:41:34;False;0.6907369004820268;0.7064696176380911;0.6985589695738347;True
510;2011-06-21 15:05:40;False;0.6886921643259755;0.7064696176380911;0.6975242576439341;True
511;2011-06-21 15:16:33;True;0.6886921643259755;0.6990493303800448;0.693851422359324;True
512;2011-06-21 15:45:30;False;0.6866574695057999;0.6990493303800448;0.6928256954375216;True
513;2011-06-21 16:00:06;False;0.6875814132153572;0.6990493303800448;0.6932916604791668;True
514;2011-06-21 20:59:42;False;0.6855579056995604;0.6990493303800448;0.6922707526076944;True
515;2011-06-22 13:56:01;False;0.6835442656073102;0.6990493303800448;0.691253326326832;True
516;2011-06-22 14:04:22;False;0.6844719711733483;0.6990493303800448;0.6917222514222298;True
517;2011-06-23 12:34:44;False;0.6853951739132983;0.6990493303800448;0.6921885851195507;True
518;2011-06-23 16:48:29;False;0.6833936325011004;0.6990493303800448;0.6911771561516488;True
519;2011-06-23 16:48:47;False;0.6843164376701993;0.6990493303800448;0.6916436564600376;True
520;2011-06-23 17:07:13;True;0.6843164376701993;0.7021805590494394;0.6931909540451184;True
521;2011-06-23 17:21:17;False;0.685234794803761;0.7021805590494394;0.6936559314930082;True
522;2011-06-23 17:29:49;False;0.6861487355282618;0.7021805590494394;0.6941183636126484;True
523;2011-06-24 14:30:18;True;0.6861487355282618;0.7052503393602667;0.6956339760124749;True
524;2011-06-27 14:03:32;False;0.6870582911711216;0.7052503393602667;0.6960948879346253;True
525;2011-06-27 14:59:46;False;0.6850709362031491;0.7052503393602667;0.6950874119440853;True
526;2011-06-30 09:32:44;False;0.6830930729898297;0.7052503393602667;0.6940832958231489;True
527;2011-06-30 12:25:33;False;0.684006289302072;0.7052503393602667;0.6945470953469196;True
528;2011-06-30 13:48:36;False;0.6849151638523014;0.7052503393602667;0.6950083824960878;True
529;2011-06-30 13:49:26;False;0.6858197270788966;0.7052503393602667;0.6954671777031303;True
530;2011-06-30 13:49:45;False;0.68672000913644;0.7052503393602667;0.6959235011759265;True
531;2011-06-30 15:09:43;False;0.6876160398990193;0.7052503393602667;0.6963773729008906;True
532;2011-06-30 15:31:58;False;0.6885078489634798;0.7052503393602667;0.6968288126460482;True
533;2011-06-30 15:32:03;False;0.6893954656526348;0.7052503393602667;0.6972778399640632;True
534;2011-06-30 15:43:05;False;0.6902789190184286;0.7052503393602667;0.6977244741952119;True
535;2011-06-30 15:51:47;False;0.6911582378450584;0.7052503393602667;0.6981687344703079;True
536;2011-06-30 18:09:18;False;0.6920334506520506;0.7052503393602667;0.6986106397135783;True
537;2011-07-01 13:31:52;False;0.6929045856972967;0.7052503393602667;0.6990502086454903;True
538;2011-07-01 13:32:33;False;0.6937716709800469;0.7052503393602667;0.6994874597855328;True
539;2011-07-01 13:55:33;False;0.6946347342438622;0.7052503393602667;0.6999224114549502;True
540;2011-07-01 19:18:03;True;0.6946347342438622;0.7082604610715836;0.7014145116490639;True
541;2011-07-01 19:24:36;False;0.695493802979527;0.7082604610715836;0.7018481043436029;True
542;2011-07-05 15:17:37;False;0.6935407466407851;0.7082604610715836;0.7008619614358685;True
543;2011-07-05 15:19:02;True;0.6935407466407851;0.7010933995455394;0.6973068476544165;True
544;2011-07-05 15:29:53;False;0.691596689953647;0.7010933995455394;0.6963288551209441;True
545;2011-07-06 05:33:24;True;0.691596689953647;0.7040907750319559;0.6978157704143685;True
546;2011-07-06 05:33:45;False;0.6924596160575299;0.7040907750319559;0.6982509776207098;True
547;2011-07-06 10:27:47;False;0.6905255609371671;0.7040907750319559;0.6972751805274774;True
548;2011-07-06 10:47:33;False;0.6886003596046437;0.7040907750319559;0.6963024923704619;True
549;2011-07-06 12:50:38;True;0.6886003596046437;0.7070315447579534;0.6977550974175347;True
550;2011-07-06 13:44:36;True;0.6886003596046437;0.7099172958020044;0.6991775920170901;True
551;2011-07-06 14:08:48;False;0.6866839523589854;0.7099172958020044;0.6982039920605748;True
552;2011-07-06 16:12:19;True;0.6866839523589854;0.7029859248530068;0.6947871280693098;True
553;2011-07-06 22:31:21;False;0.687554373679899;0.7029859248530068;0.695227334954613;True
554;2011-07-06 22:31:42;False;0.6884208362373051;0.7029859248530068;0.6956652630758289;True
555;2011-07-07 09:32:29;False;0.6892833665464901;0.7029859248530068;0.6961009301225495;True
556;2011-07-07 09:39:18;False;0.687378623085775;0.7029859248530068;0.6951384733088365;True
557;2011-07-07 09:39:47;False;0.6882409902620584;0.7029859248530068;0.6955743878702856;True
558;2011-07-07 10:21:47;False;0.6890994689576005;0.7029859248530068;0.6960080656866519;True
559;2011-07-07 10:47:06;False;0.68995408498666;0.7029859248530068;0.6964395239649005;True
560;2011-07-07 13:38:23;False;0.6908048639355671;0.7029859248530068;0.6968687797331002;True
561;2011-07-07 13:42:23;False;0.6889125667626712;0.7029859248530068;0.6959136712901358;True
562;2011-07-07 16:03:19;False;0.6870287295830071;0.7029859248530068;0.6949615290550237;True
563;2011-07-07 21:14:23;False;0.6851532967258646;0.7029859248530068;0.6940123370408616;True
564;2011-07-08 12:53:57;False;0.6860112728257908;0.7029859248530068;0.6944467359611008;True
565;2011-07-08 13:53:30;True;0.6860112728257908;0.7058606676783091;0.6958651989226501;True
566;2011-07-08 14:19:14;False;0.6868654374045293;0.7058606676783091;0.6962982810918859;True
567;2011-07-08 14:19:30;False;0.6877158153798912;0.7058606676783091;0.6967291759478591;True
568;2011-07-08 14:19:50;False;0.6885624314530229;0.7058606676783091;0.6971579000510794;True
569;2011-07-08 15:03:34;False;0.6866988971957512;0.7058606676783091;0.696213862307087;True
570;2011-07-08 15:14:13;True;0.6866988971957512;0.7086830911366;0.6976043987424242;True
571;2011-07-08 18:21:31;False;0.6848435723818849;0.7086830911366;0.6966613666772588;True
572;2011-07-08 21:01:10;True;0.6848435723818849;0.7114546092659402;0.698022289183694;True
573;2011-07-11 15:30:52;True;0.6848435723818849;0.7141765856030413;0.6993563070394688;True
574;2011-07-11 21:02:53;False;0.6829964038054301;0.7141765856030413;0.6984125139549822;True
575;2011-07-11 21:16:21;False;0.6838499811343496;0.7141765856030413;0.6988487995204928;True
576;2011-07-12 19:21:56;False;0.6820117291726783;0.7141765856030413;0.6979088823634282;True
577;2011-07-12 19:52:29;False;0.6828650705191653;0.7141765856030413;0.6983453619026603;True
578;2011-07-13 12:00:56;True;0.6828650705191653;0.7168503354178385;0.6996513809368131;True
579;2011-07-13 13:03:06;False;0.683714691481106;0.7168503354178385;0.7000864988830557;True
580;2011-07-13 13:04:14;False;0.6845606159132273;0.7168503354178385;0.7005194552125152;True
581;2011-07-13 14:02:25;False;0.6827327774397647;0.7168503354178385;0.6995836050883752;True
582;2011-07-13 18:40:27;False;0.6809128588874055;0.7168503354178385;0.69865056450543;True
583;2011-07-13 18:56:56;False;0.681762015363295;0.7168503354178385;0.6990860672251447;True
584;2011-07-14 13:18:47;False;0.6826075075229632;0.7168503354178385;0.6995194212647501;True
585;2011-07-14 13:18:54;False;0.683449358613525;0.7168503354178385;0.6999506425193222;True
586;2011-07-14 13:24:46;False;0.6842875916859298;0.7168503354178385;0.7003797467248205;True
587;2011-07-14 13:25:46;False;0.685122229597026;0.7168503354178385;0.70080674946011;True
588;2011-07-14 13:31:11;False;0.6859532950116;0.7168503354178385;0.7012316661489532;True
589;2011-07-14 13:32:53;False;0.6867808104043891;0.7168503354178385;0.70165451206197;True
590;2011-07-14 13:33:58;False;0.6876047980620705;0.7168503354178385;0.7020753023185692;True
591;2011-07-14 13:35:02;False;0.6884252800852234;0.7168503354178385;0.7024940518888483;True
592;2011-07-14 22:24:49;False;0.6866201198747511;0.7168503354178385;0.7015724219471942;True
593;2011-07-15 07:50:39;False;0.6848226089281854;0.7168503354178385;0.7006534927565043;True
594;2011-07-15 07:51:20;False;0.6856463827608991;0.7168503354178385;0.7010747745142298;True
595;2011-07-15 07:53:09;True;0.6856463827608991;0.7194771278304547;0.702358092554042;True
596;2011-07-15 07:53:49;False;0.686466679810319;0.7194771278304547;0.702778112309452;True
597;2011-07-15 07:54:42;False;0.6872835216330607;0.7194771278304547;0.7031961135769699;True
598;2011-07-15 08:44:05;False;0.6880969296079661;0.7194771278304547;0.703612110884466;True
599;2011-07-15 09:01:43;False;0.6889069249379313;0.7194771278304547;0.7040261186183745;True
600;2011-07-15 09:03:14;False;0.6897135286517139;0.7194771278304547;0.7044381510254418;True
601;2011-07-15 09:04:06;False;0.6905167616057168;0.7194771278304547;0.7048482222144481;True
602;2011-07-15 09:14:26;False;0.6913166444857507;0.7194771278304547;0.7052563461579027;True
603;2011-07-15 09:42:47;False;0.6921131978087743;0.7194771278304547;0.7056625366937148;True
604;2011-07-15 09:43:18;False;0.6929064419246146;0.7194771278304547;0.7060668075268384;True
605;2011-07-15 09:51:57;False;0.6936963970176647;0.7194771278304547;0.7064691722308938;True
606;2011-07-15 09:52:27;True;0.6936963970176647;0.7128572981815233;0.7032115893074217;True
607;2011-07-15 11:04:00;False;0.6919147617331756;0.7128572981815233;0.7023079720614198;True
608;2011-07-15 11:40:31;True;0.6919147617331756;0.7154777762394456;0.7035976371990588;True
609;2011-07-15 13:33:18;False;0.690140484896959;0.7154777762394456;0.7026949405160742;True
610;2011-07-15 13:33:48;False;0.688373521898094;0.7154777762394456;0.7017948109453102;True
611;2011-07-15 13:34:35;False;0.6891701345557474;0.7154777762394456;0.7022007656807173;True
612;2011-07-15 13:39:16;False;0.6874111422876237;0.7154777762394456;0.7013040677524737;True
613;2011-07-15 13:40:25;False;0.6856593589076733;0.7154777762394456;0.7004099038199174;True
614;2011-07-15 13:45:15;False;0.6864591792340187;0.7154777762394456;0.7008182981611644;True
615;2011-07-15 13:45:47;False;0.6847152197321777;0.7154777762394456;0.6999275125120329;True
616;2011-07-15 13:45:57;False;0.6855149732577046;0.7154777762394456;0.7003361540326656;True
617;2011-07-15 14:07:33;False;0.6837787591761314;0.7154777762394456;0.6994487158148951;True
618;2011-07-15 15:54:01;True;0.6837787591761314;0.7090009229846258;0.6962756432427888;True
619;2011-07-15 16:10:26;False;0.6820495927494574;0.7090009229846258;0.6953947014326852;True
620;2011-07-15 16:23:23;True;0.6820495927494574;0.7026339711562832;0.6922652771005324;True
621;2011-07-15 16:26:56;False;0.680327432012946;0.7026339711562832;0.6913907471479587;True
622;2011-07-15 19:09:34;False;0.6811333694205652;0.7026339711562832;0.6918001476170929;True
623;2011-07-15 19:17:02;False;0.6794187490330935;0.7026339711562832;0.6909288629889163;True
624;2011-07-15 19:23:44;False;0.6777110359893898;0.7026339711562832;0.6900599948654201;True
625;2011-07-15 20:50:04;False;0.6760101894835969;0.7026339711562832;0.6891935315852661;True
626;2011-07-15 21:08:42;False;0.676822078674242;0.7026339711562832;0.6896072685994058;True
627;2011-07-15 21:09:16;False;0.6776307156097753;0.7026339711562832;0.6900191016822436;True
628;2011-07-16 05:42:21;True;0.6776307156097753;0.7052832283756442;0.6913187244330652;True
629;2011-07-18 09:43:00;True;0.6776307156097753;0.7078882796011545;0.6925942834574244;True
630;2011-07-18 11:13:01;True;0.6776307156097753;0.7104502208504172;0.6938464466724543;True
631;2011-07-18 15:01:34;False;0.6784361193905971;0.7104502208504172;0.6942586627863925;True
632;2011-07-18 16:31:10;False;0.6792383089678988;0.7104502208504172;0.6946689906828343;True
633;2011-07-18 17:21:36;False;0.6800373031451168;0.7104502208504172;0.69507744331547;True
634;2011-07-18 19:05:26;False;0.68083312057937;0.7104502208504172;0.695484033517587;True
635;2011-07-18 19:05:36;False;0.6816257797828803;0.7104502208504172;0.6958887740034935;True
636;2011-07-18 20:26:33;False;0.679935452166423;0.7104502208504172;0.6950253895762827;True
637;2011-07-19 04:21:20;True;0.679935452166423;0.7129701122060418;0.6962568891034117;True
638;2011-07-19 04:21:29;False;0.6807279904263839;0.7129701122060418;0.6966625522561782;True
639;2011-07-19 07:11:06;False;0.6815174009029069;0.7129701122060418;0.6970663797602891;True
640;2011-07-19 19:50:07;True;0.6815174009029069;0.7154489792764168;0.6982771146436788;True
641;2011-07-19 21:29:08;False;0.6823037016826391;0.7154489792764168;0.698679817173335;True
642;2011-07-19 21:30:25;False;0.6830869107131118;0.7154489792764168;0.6990807056604957;True
643;2011-07-19 21:31:14;False;0.6814053769196518;0.7154489792764168;0.6982197228599512;True
644;2011-07-20 08:42:27;True;0.6814053769196518;0.7178878145857993;0.699408762372807;True
645;2011-07-20 08:44:31;False;0.6821885067135813;0.7178878145857993;0.6998105573797546;True
646;2011-07-20 08:50:20;False;0.6829685741174134;0.7178878145857993;0.7002105519798523;True
647;2011-07-20 17:27:09;False;0.681294664397071;0.7178878145857993;0.6993519412377283;True
648;2011-07-20 20:33:58;True;0.681294664397071;0.7202875788976798;0.7005198671946953;True
649;2011-07-20 22:38:07;False;0.6796272765828785;0.7202875788976798;0.6996621224581944;True
650;2011-07-21 02:21:33;True;0.6796272765828785;0.7226492024751306;0.700808183030822;True
651;2011-07-21 04:07:18;False;0.6804102175776473;0.7226492024751306;0.7012117377001165;True
652;2011-07-21 12:10:09;False;0.6787497984579252;0.7226492024751306;0.7003556243336491;True
653;2011-07-21 12:10:44;True;0.6787497984579252;0.7249735862816094;0.7014810586009871;True
654;2011-07-21 13:03:29;True;0.6787497984579252;0.727261603125475;0.7025871238128434;True
655;2011-07-21 13:09:19;True;0.6787497984579252;0.7295140987512715;0.7036743191986193;True
656;2011-07-21 14:22:46;True;0.6787497984579252;0.7317318928806429;0.7047431268327293;True
657;2011-07-21 15:42:04;False;0.6795326244453345;0.7317318928806429;0.7051494122237751;True
658;2011-07-21 15:46:47;False;0.6803124224116528;0.7317318928806429;0.7055538934776664;True
659;2011-07-21 17:37:38;False;0.681089209503805;0.7317318928806429;0.7059565825819603;True
660;2011-07-21 18:05:16;False;0.6818630027395608;0.7317318928806429;0.7063574914162783;True
661;2011-07-22 13:52:13;False;0.6802109122867189;0.7317318928806429;0.7055012532984118;True
662;2011-07-22 14:17:27;False;0.6785651664377718;0.7317318928806429;0.7046472689795791;True
663;2011-07-22 15:58:59;False;0.6769257295334907;0.7317318928806429;0.7037955281267076;True
664;2011-07-22 18:51:33;False;0.675292566181231;0.7317318928806429;0.7029460204738476;True
665;2011-07-22 20:11:50;False;0.6736656412524455;0.7317318928806429;0.7020987358216109;True
666;2011-07-22 20:52:35;False;0.6720449198802255;0.7317318928806429;0.7012536640366148;True
667;2011-07-25 08:54:52;False;0.6728328146379955;0.7317318928806429;0.7016646129364592;True
668;2011-07-25 08:55:12;False;0.6736177157378906;0.7317318928806429;0.7020737612351152;True
669;2011-07-25 15:54:37;False;0.6720039090495624;0.7317318928806429;0.7012322670784822;True
670;2011-07-25 17:13:01;True;0.6720039090495624;0.7339157802055744;0.7022779173598622;True
671;2011-07-25 17:13:27;False;0.6727886041537559;0.7339157802055744;0.7026878206792281;True
672;2011-07-25 18:54:35;True;0.6727886041537559;0.736066531336485;0.703716686019431;True
673;2011-07-25 20:01:14;False;0.6711812683661832;0.736066531336485;0.702875570854699;True
674;2011-07-25 21:01:16;False;0.6719657480355107;0.736066531336485;0.7032862129555966;True
675;2011-07-26 08:28:30;False;0.6727472731322528;0.736066531336485;0.7036950701834824;True
676;2011-07-26 14:38:43;False;0.6735258599277211;0.736066531336485;0.7041021541526633;True
677;2011-07-26 14:38:56;False;0.6743015245740359;0.736066531336485;0.7045074763748886;True
678;2011-07-26 15:20:23;True;0.6743015245740359;0.7301587711328273;0.701674548887139;True
679;2011-07-26 15:33:36;False;0.6750742831052166;0.7301587711328273;0.7020764979512413;True
680;2011-07-26 15:57:27;False;0.6758441514382586;0.7301587711328273;0.7024767149816906;True
681;2011-07-26 16:42:28;False;0.6766111453741999;0.7301587711328273;0.70287521114434;True
682;2011-07-26 16:44:45;False;0.6773752805991742;0.7301587711328273;0.7032719975073991;True
683;2011-07-26 16:45:38;False;0.6757768896218194;0.7301587711328273;0.7024417579317391;True
684;2011-07-26 17:00:30;False;0.6765409145724322;0.7301587711328273;0.7028387317196501;True
685;2011-07-26 17:06:15;False;0.6773021065733308;0.7301587711328273;0.7032340107114121;True
686;2011-07-26 17:06:18;False;0.6780604809730542;0.7301587711328273;0.703627605726935;True
687;2011-07-26 18:42:08;False;0.678816053009534;0.7301587711328273;0.7040195274924393;True
688;2011-07-26 18:42:19;False;0.6795688378110896;0.7301587711328273;0.7044097866414896;True
689;2011-07-26 19:22:02;False;0.6779782147950607;0.7301587711328273;0.7035849203682449;True
690;2011-07-26 21:05:06;False;0.6763934394541368;0.7301587711328273;0.7027621237333006;True
691;2011-07-26 23:03:32;False;0.6771488600162479;0.7301587711328273;0.7031544492524089;True
692;2011-07-27 11:56:35;False;0.6779015128154274;0.7301587711328273;0.7035451197658876;True
693;2011-07-27 13:01:49;True;0.6779015128154274;0.7243393155449847;0.7007358402419819;True
694;2011-07-27 13:01:59;False;0.6786514126603083;0.7243393155449847;0.7011233127916976;True
695;2011-07-27 13:39:45;True;0.6786514126603083;0.7186062022447376;0.6983431207507169;True
696;2011-07-27 13:40:36;True;0.6786514126603083;0.7129575266193774;0.695593007876761;True
697;2011-07-27 14:37:35;False;0.6770734929459733;0.7129575266193774;0.6947838821319213;True
698;2011-07-27 15:50:14;False;0.6755013252732684;0.7129575266193774;0.6939767676910669;True
699;2011-07-27 17:34:39;False;0.6762538178458282;0.7129575266193774;0.6943631969929517;True
700;2011-07-27 17:36:23;False;0.6770035765482973;0.7129575266193774;0.6947480085961718;True
701;2011-07-27 18:56:43;False;0.6754377750037522;0.7129575266193774;0.6939441227159221;True
702;2011-07-28 09:32:31;False;0.676187451578242;0.7129575266193774;0.6943291244131153;True
703;2011-07-28 09:54:51;False;0.6769344181602828;0.7129575266193774;0.6947125221666028;True
704;2011-07-28 16:12:37;False;0.6753749125760126;0.7129575266193774;0.6939118295655236;True
705;2011-07-29 13:11:24;False;0.6738210256652033;0.7129575266193774;0.6931131017679548;True
706;2011-07-29 13:24:14;False;0.6745705157533594;0.7129575266193774;0.6934984689542385;True
707;2011-07-29 13:45:23;False;0.6730225047998384;0.7129575266193774;0.6927022884192536;True
708;2011-07-29 20:12:20;False;0.6714800434307687;0.7129575266193774;0.6919080509277753;True
709;2011-08-01 16:48:55;False;0.672231987932763;0.7129575266193774;0.692295352744022;True
710;2011-08-01 16:49:35;False;0.6706953066179486;0.7129575266193774;0.6915036275548796;True
711;2011-08-01 16:49:48;False;0.6714471102840934;0.7129575266193774;0.6918910831943678;True
712;2011-08-01 17:31:30;False;0.6699161586039215;0.7129575266193774;0.6911018502945904;True
713;2011-08-01 18:30:35;False;0.6683906503820343;0.7129575266193774;0.6903145260762605;True
714;2011-08-01 18:57:19;False;0.6668705573972354;0.7129575266193774;0.6895291024875009;True
715;2011-08-01 19:17:00;False;0.6653558516229315;0.7129575266193774;0.6887455715246485;True
716;2011-08-01 19:19:56;False;0.6638465052254562;0.7129575266193774;0.6879639252318822;True
717;2011-08-01 19:49:28;False;0.6623424905624133;0.7129575266193774;0.6871841557008547;True
718;2011-08-01 20:25:43;False;0.6608437801810367;0.7129575266193774;0.6864062550703275;True
719;2011-08-02 14:43:52;False;0.6593503468165665;0.7129575266193774;0.6856302155258094;True
720;2011-08-02 17:47:00;False;0.6578621633906415;0.7129575266193774;0.6848560292991984;True
721;2011-08-02 17:47:31;False;0.6586334143984426;0.7129575266193774;0.6852573604700566;True
722;2011-08-02 21:02:54;False;0.6594019629211285;0.7129575266193774;0.6856570516899905;True
723;2011-08-02 23:56:16;False;0.6579192489204939;0.7129575266193774;0.684885742606483;True
724;2011-08-03 02:02:32;False;0.6564417137235534;0.7129575266193774;0.6841162624774608;True
725;2011-08-03 02:27:31;False;0.6572123065749034;0.7129575266193774;0.6845176846214122;True
726;2011-08-03 14:37:04;False;0.6557400254205017;0.7129575266193774;0.683750529527494;True
727;2011-08-03 17:22:05;False;0.6542728620202052;0.7129575266193774;0.682985183909656;True
728;2011-08-03 19:55:12;False;0.6528107904662932;0.7129575266193774;0.6822216403202768;True
729;2011-08-04 11:51:18;False;0.6535856804875199;0.7129575266193774;0.6826264206681608;True
730;2011-08-04 15:04:20;False;0.6521287403711049;0.7129575266193774;0.6818651580572167;True
731;2011-08-04 15:41:24;False;0.6506768326033884;0.7129575266193774;0.6811056784387005;True
732;2011-08-04 18:15:01;False;0.6492299318792473;0.7129575266193774;0.6803479745247244;True
733;2011-08-04 18:29:25;False;0.6477880130627973;0.7129575266193774;0.6795920390697149;True
734;2011-08-05 14:15:14;False;0.6463510511859808;0.7129575266193774;0.6788378648700966;True
735;2011-08-05 14:16:48;False;0.6471345817625497;0.7129575266193774;0.679249196395029;True
736;2011-08-05 19:03:50;False;0.6479154272151225;0.7129575266193774;0.6796588706445543;True
737;2011-08-06 23:06:28;False;0.6464834111699104;0.7129575266193774;0.6789073676343167;True
738;2011-08-07 03:37:54;False;0.6450562872426719;0.7129575266193774;0.67815760342476;True
739;2011-08-08 16:08:11;False;0.6436340311177695;0.7129575266193774;0.6774095709936377;False
740;2011-08-08 19:05:43;False;0.6422166186403037;0.7129575266193774;0.6766632633589996;False
741;2011-08-08 20:43:51;False;0.6408040258147878;0.7129575266193774;0.6759186735788935;False
742;2011-08-08 20:44:29;False;0.6415931516604961;0.7129575266193774;0.6763347296300837;False
743;2011-08-08 22:41:20;False;0.6423796025365679;0.7129575266193774;0.6767491208529274;False
744;2011-08-08 22:41:51;False;0.6431633916297379;0.7129575266193774;0.6771618572457163;False
745;2011-08-08 22:42:04;False;0.6439445320402848;0.7129575266193774;0.6775729487247213;False
746;2011-08-09 19:04:05;False;0.6447230367827381;0.7129575266193774;0.6779824051250555;False
747;2011-08-09 20:37:47;False;0.6454989187865801;0.7129575266193774;0.6783902362015262;False
748;2011-08-09 20:52:04;False;0.646272190896938;0.7129575266193774;0.6787964516294757;False
749;2011-08-10 11:57:53;False;0.6448641426917927;0.7129575266193774;0.6780565936402844;False
750;2011-08-10 12:02:03;True;0.6448641426917927;0.7073914396653005;0.6754046004339006;False
751;2011-08-10 12:08:50;False;0.6434608163671881;0.7073914396653005;0.6746693065926408;False
752;2011-08-10 14:28:48;False;0.6420621889095324;0.7073914396653005;0.6739356765800192;False
753;2011-08-10 14:28:57;False;0.6428392910987493;0.7073914396653005;0.6743433929414342;False
754;2011-08-10 15:55:33;False;0.6436137991669302;0.7073914396653005;0.6747495031351622;False
755;2011-08-10 18:55:43;False;0.6422197424805093;0.7073914396653005;0.674018358959729;False
756;2011-08-10 18:57:57;False;0.6429937859914814;0.7073914396653005;0.6744244212425556;False
757;2011-08-10 18:58:04;False;0.6437652573132399;0.7073914396653005;0.6748288910363244;False
758;2011-08-10 19:21:50;True;0.6437652573132399;0.7019061459731853;0.6722074015303403;False
759;2011-08-10 19:34:41;False;0.6445341688616046;0.7019061459731853;0.6726087231174445;False
760;2011-08-10 19:34:51;False;0.6453005329726933;0.7019061459731853;0.6730084769847298;False
761;2011-08-10 19:54:26;False;0.6439109080591876;0.7019061459731853;0.6722834400949635;False
762;2011-08-11 02:18:12;False;0.6446768460090938;0.7019061459731853;0.6726831649301116;False
763;2011-08-11 04:47:38;False;0.6454402577811237;0.7019061459731853;0.6730813352003514;False
764;2011-08-11 13:47:39;True;0.6454402577811237;0.7042021340772906;0.6741812864125375;False
765;2011-08-11 13:48:39;False;0.6462011554720677;0.7042021340772906;0.6745785593440108;False
766;2011-08-11 14:17:52;False;0.6469595511016807;0.7042021340772906;0.6749742932493722;False
767;2011-08-11 15:11:34;True;0.6469595511016807;0.7064652698858487;0.676058025523162;False
768;2011-08-11 17:50:24;False;0.6477154566132944;0.7064652698858487;0.6764528622642872;False
769;2011-08-11 18:16:38;True;0.6477154566132944;0.7010958485128116;0.673877301627797;False
770;2011-08-11 19:32:50;True;0.6477154566132944;0.6958021772788835;0.6713284032191074;False
771;2011-08-11 20:20:02;True;0.6477154566132944;0.6905826670168063;0.6688057023501051;False
772;2011-08-11 20:31:22;False;0.6484688838744245;0.6905826670168063;0.6691945690928848;False
773;2011-08-11 20:44:39;False;0.6492198446773702;0.6905826670168063;0.669581938090877;False
774;2011-08-12 12:14:24;False;0.6499683507398104;0.6905826670168063;0.6699678179811425;False
775;2011-08-12 12:52:40;False;0.6507144137053928;0.6905826670168063;0.6703522173327598;False
776;2011-08-12 13:29:34;True;0.6507144137053928;0.6928887461986883;0.6714705460746169;False
777;2011-08-12 13:49:06;False;0.6493290381995607;0.6928887461986883;0.6707553824968487;False
778;2011-08-12 14:47:40;False;0.6479481711762606;0.6928887461986883;0.6700417867029281;False
779;2011-08-12 15:05:17;False;0.6486960041917134;0.6928887461986883;0.670428341441869;False
780;2011-08-12 15:10:09;False;0.649441410655154;0.6928887461986883;0.6708134202282756;False
781;2011-08-12 15:44:15;True;0.649441410655154;0.6951629627742625;0.6719133985710758;False
782;2011-08-12 17:55:04;False;0.6501844019866205;0.6951629627742625;0.6722976388733127;False
783;2011-08-12 17:56:03;False;0.6509249895346783;0.6951629627742625;0.6726804176343568;False
784;2011-08-12 18:17:22;False;0.6516631845769779;0.6951629627742625;0.6730617431717859;False
785;2011-08-12 18:37:03;True;0.6516631845769779;0.6974059714561857;0.6741467171930298;False
786;2011-08-12 19:27:39;True;0.6516631845769779;0.6923068382682036;0.6716776599904722;False
787;2011-08-13 07:52:05;False;0.6523989983208088;0.6923068382682036;0.6720567593714256;False
788;2011-08-13 11:00:58;True;0.6523989983208088;0.6872767356033901;0.6696108226999076;False
789;2011-08-13 11:01:28;False;0.6531324419036469;0.6872767356033901;0.669987113747876;False
790;2011-08-13 12:19:49;False;0.6517558502130162;0.6872767356033901;0.6692806833794128;False
791;2011-08-13 15:21:07;False;0.652489023993451;0.6872767356033901;0.6696570214873141;False
792;2011-08-13 15:21:15;False;0.653219846380519;0.6872767356033901;0.6700319422622708;False
793;2011-08-14 21:04:47;False;0.6518476258391711;0.6872767356033901;0.6693278033949923;False
794;2011-08-14 21:05:01;False;0.6525781862600408;0.6872767356033901;0.6697027740563585;False
795;2011-08-14 22:27:58;False;0.6512103233701882;0.6872767356033901;0.6690005270828201;False
796;2011-08-15 03:43:42;False;0.6498468221652657;0.6872767356033901;0.6682997849617943;False
797;2011-08-15 06:32:09;False;0.6484876624955946;0.6872767356033901;0.6676005420601793;False
798;2011-08-15 13:00:49;False;0.6492220516848048;0.6872767356033901;0.6679784520204736;False
799;2011-08-15 15:27:22;False;0.6499541091909786;0.6872767356033901;0.6683549494518501;False
800;2011-08-16 13:54:37;True;0.6499541091909786;0.6895347449938372;0.6694519705988609;False
801;2011-08-16 13:56:53;False;0.6506838457364886;0.6895347449938372;0.669827679064936;False
802;2011-08-16 17:42:45;False;0.6514112719781413;0.6895347449938372;0.6702019884404692;False
803;2011-08-16 17:51:24;False;0.650056220718651;0.6895347449938372;0.6695045559104826;False
804;2011-08-16 18:39:04;False;0.6507833805338386;0.6895347449938372;0.6698789087160661;False
805;2011-08-17 02:16:47;False;0.6515082480007212;0.6895347449938372;0.6702518732883623;False
806;2011-08-17 03:00:34;False;0.6501573682087914;0.6895347449938372;0.6695566406912213;False
807;2011-08-17 14:02:19;False;0.6508819769491373;0.6895347449938372;0.6699296515282093;False
808;2011-08-17 14:35:27;False;0.6516043110548442;0.6895347449938372;0.6703012848414412;False
809;2011-08-17 14:35:34;False;0.6523243808598277;0.6895347449938372;0.6706715482331452;False
810;2011-08-17 15:02:54;False;0.653042196635577;0.6895347449938372;0.6710404492482759;False
811;2011-08-17 16:33:48;False;0.6516953507727741;0.6895347449938372;0.6703481092005661;False
812;2011-08-17 16:34:12;False;0.6524129381101552;0.6895347449938372;0.670717070686639;False
813;2011-08-18 08:11:28;False;0.6510702416241871;0.6895347449938372;0.6700265315876751;False
814;2011-08-18 09:32:30;False;0.6497317246845095;0.6895347449938372;0.6693374329101422;False
815;2011-08-18 10:16:23;False;0.6504510718105071;0.6895347449938372;0.6697078571525245;False
816;2011-08-18 19:03:37;True;0.6504510718105071;0.6845867578923311;0.66730067467248;False
817;2011-08-18 19:18:57;True;0.6504510718105071;0.6797044291798999;0.6649168929079895;False
818;2011-08-18 23:32:43;False;0.649116644364174;0.6797044291798999;0.6642344903938089;False
819;2011-08-19 14:02:35;False;0.6498357400134208;0.6797044291798999;0.664602310202515;False
820;2011-08-19 18:26:36;False;0.6505526096842449;0.6797044291798999;0.6649687889043545;False
821;2011-08-19 20:37:27;False;0.6492221667813494;0.6797044291798999;0.6642884782103743;False
822;2011-08-21 03:13:15;False;0.6478958309117074;0.6797044291798999;0.6636095734073455;False
823;2011-08-23 12:26:07;False;0.6486144167039003;0.6797044291798999;0.6639774784309919;False
824;2011-08-24 21:00:25;False;0.6493307903572195;0.6797044291798999;0.6643440480719964;False
825;2011-08-25 16:41:05;False;0.6500449617140499;0.6797044291798999;0.6647092895718535;False
826;2011-08-25 16:42:04;False;0.6507569405585509;0.6797044291798999;0.6650732101184109;False
827;2011-08-26 15:18:36;True;0.6507569405585509;0.6748864629636313;0.6627118905396179;False
828;2011-08-26 17:36:55;True;0.6507569405585509;0.6771770278239179;0.6638355600924264;False
829;2011-08-26 18:51:40;True;0.6507569405585509;0.6724346935275266;0.6615070248193893;False
830;2011-08-26 20:06:24;False;0.6514667366170875;0.6724346935275266;0.6618676872158733;False
831;2011-08-26 20:46:34;False;0.6521743595586559;0.6724346935275266;0.6622270498826938;False
832;2011-08-27 13:14:15;False;0.6508516205112755;0.6724346935275266;0.6615551450713641;False
833;2011-08-27 13:14:30;False;0.6515590353623788;0.6724346935275266;0.6619145717228108;False
834;2011-08-29 15:30:43;True;0.6515590353623788;0.6677536708619001;0.6596066537311969;False
835;2011-08-29 19:51:36;True;0.6515590353623788;0.6700528327277978;0.6607412332630326;False
836;2011-08-29 19:54:57;True;0.6515590353623788;0.6654433208497055;0.6584645838776539;False
837;2011-08-29 20:05:41;True;0.6515590353623788;0.6608922763806594;0.6562090627818463;False
838;2011-08-30 15:44:18;True;0.6515590353623788;0.6631980101974232;0.6573527635740813;False
839;2011-08-30 20:57:54;False;0.6522642932336279;0.6631980101974232;0.657708431902291;False
840;2011-08-31 05:32:01;False;0.6529674036239107;0.6631980101974232;0.6580628258815076;False
841;2011-08-31 06:04:36;False;0.6536683759764987;0.6631980101974232;0.658415952325424;False
842;2011-08-31 16:02:25;False;0.6523493741970338;0.6631980101974232;0.65775132605036;False
843;2011-08-31 16:13:31;False;0.6530501661438536;0.6631980101974232;0.6581045287381787;False
844;2011-09-01 13:01:58;False;0.6517350875713281;0.6631980101974232;0.6574415664172354;False
845;2011-09-01 13:46:16;False;0.65243569515937;0.6631980101974232;0.6577948424938179;False
846;2011-09-01 14:27:15;True;0.65243569515937;0.6654748619691726;0.6589230259900947;False
847;2011-09-01 15:15:56;False;0.651124511068378;0.6654748619691726;0.6582605822377441;False
848;2011-09-01 15:17:27;False;0.6518249304263105;0.6654748619691726;0.6586145349166799;False
849;2011-09-01 16:20:27;False;0.6525232399378142;0.6654748619691726;0.6589672321362378;False
850;2011-09-02 09:42:31;False;0.6532194487737384;0.6654748619691726;0.659318680539451;False
851;2011-09-02 10:20:57;False;0.6539135660519353;0.6654748619691726;0.6596688867213468;False
852;2011-09-02 14:42:28;False;0.6546056008376431;0.6654748619691726;0.6600178572293918;False
853;2011-09-02 14:47:08;False;0.6532979579328677;0.6654748619691726;0.6593583004559186;False
854;2011-09-02 14:47:36;False;0.6539898411664349;0.6654748619691726;0.6597073588186465;False
855;2011-09-02 16:00:41;False;0.6546796568788126;0.6654748619691726;0.6600551903405147;False
856;2011-09-02 17:56:46;False;0.653375764444123;0.6654748619691726;0.6593975634300262;False
857;2011-09-02 18:04:43;False;0.6540654345309271;0.6654748619691726;0.6597454848373543;False
858;2011-09-02 20:00:54;False;0.6547530518786725;0.6654748619691726;0.6600921881243969;False
859;2011-09-04 09:52:51;False;0.6554386252958018;0.6654748619691726;0.6604376796473592;False
860;2011-09-04 09:53:35;False;0.6561221635405092;0.6654748619691726;0.660781965717161;False
861;2011-09-05 13:33:40;True;0.6561221635405092;0.6677233698725742;0.6618973501135603;False
862;2011-09-05 13:50:53;False;0.6568036753210988;0.6677233698725742;0.6622410161188268;False
863;2011-09-05 13:56:18;False;0.657483169296339;0.6677233698725742;0.6625834871448666;False
864;2011-09-05 14:01:04;False;0.6581606540758145;0.6677233698725742;0.6629247693796336;False
865;2011-09-05 14:23:33;False;0.658836138220275;0.6677233698725742;0.6632648689673494;False
866;2011-09-05 14:29:40;False;0.6595096302419812;0.6677233698725742;0.6636037920088997;False
867;2011-09-05 14:39:34;False;0.6582089584122753;0.6677233698725742;0.6629490959277051;False
868;2011-09-05 14:39:53;False;0.6588823772501061;0.6677233698725742;0.6632881434844841;False
869;2011-09-06 12:06:14;False;0.6575854628844082;0.6677233698725742;0.6626350286970902;False
870;2011-09-06 12:06:30;False;0.6562923534953092;0.6677233698725742;0.6619831885308649;False
871;2011-09-06 12:06:58;False;0.6550030330067438;0.6677233698725742;0.6613326186390778;False
872;2011-09-06 12:07:15;False;0.6556801443963713;0.6677233698725742;0.6616743576525247;False
873;2011-09-06 12:07:50;False;0.6563552769248807;0.6677233698725742;0.6620149222955084;False
874;2011-09-06 12:29:18;False;0.6570284389180339;0.6677233698725742;0.6623543185761427;False
875;2011-09-06 18:40:47;True;0.6570284389180339;0.6699440587959938;0.6634548207023168;False
876;2011-09-06 18:40:58;False;0.657699638655029;0.6699440587959938;0.6637936165625643;False
877;2011-09-07 10:04:37;True;0.657699638655029;0.6721374407471131;0.6648793513908311;False
878;2011-09-07 10:27:00;False;0.6564137426588755;0.6721374407471131;0.6642290667096485;False
879;2011-09-07 10:27:20;False;0.6570848614680018;0.6721374407471131;0.6645685345701932;False
880;2011-09-07 11:57:54;True;0.6570848614680018;0.6743040152456328;0.6656387612248809;False
881;2011-09-07 12:56:38;False;0.6577540314930672;0.6743040152456328;0.6659776155996368;False
882;2011-09-07 12:56:49;False;0.6584212608765729;0.6743040152456328;0.6663153156968293;False
883;2011-09-07 13:31:22;False;0.6590865577157982;0.6743040152456328;0.6666518673657077;False
884;2011-09-08 07:46:38;False;0.6597499300631129;0.6743040152456328;0.6669872764150621;False
885;2011-09-08 13:10:45;False;0.6604113859262897;0.6743040152456328;0.6673215486135827;False
886;2011-09-08 13:39:47;True;0.6604113859262897;0.6764442697016971;0.6683797555698368;False
887;2011-09-08 14:40:14;False;0.6591287381680688;0.6764442697016971;0.6677303781688387;False
888;2011-09-08 16:15:44;True;0.6591287381680688;0.678558679780639;0.6687731501614006;False
889;2011-09-08 16:17:52;False;0.659790153480516;0.678558679780639;0.6691086126168188;False
890;2011-09-08 16:28:51;True;0.659790153480516;0.6741487631582205;0.6669308179360602;False
891;2011-09-08 18:11:32;False;0.6604496652215768;0.6741487631582205;0.667264059377835;False
892;2011-09-09 04:59:13;False;0.6591705550172905;0.6741487631582205;0.6666175923085319;False
893;2011-09-09 05:19:10;False;0.6598300306025061;0.6741487631582205;0.6669509719801976;False
894;2011-09-09 06:02:36;False;0.6585545088953725;0.6741487631582205;0.6663060165149979;False
895;2011-09-09 06:13:57;False;0.6592139440631921;0.6741487631582205;0.6666395315662381;False
896;2011-09-09 07:33:05;False;0.6579419858749195;0.6741487631582205;0.6659960780721162;False
897;2011-09-09 07:47:33;False;0.6586013764385942;0.6741487631582205;0.6663297256917028;False
898;2011-09-09 09:34:42;False;0.6573329570355478;0.6741487631582205;0.6656877646229126;False
899;2011-09-09 09:57:53;False;0.6579922988818786;0.6741487631582205;0.666021542038133;False
900;2011-09-09 10:21:19;False;0.6586497644624087;0.6741487631582205;0.6663542031583399;False
901;2011-09-09 12:53:06;False;0.6593053614469335;0.6741487631582205;0.6666857535323772;False
902;2011-09-09 14:09:38;False;0.6599590974635787;0.6741487631582205;0.6670161986714319;False
903;2011-09-09 15:30:38;False;0.6606109800990826;0.6741487631582205;0.6673455440493601;False
904;2011-09-09 16:49:16;False;0.6612610168990767;0.6741487631582205;0.6676737951030126;False
905;2011-09-09 18:37:35;False;0.6619092153683639;0.6741487631582205;0.6680009572325557;False
906;2011-09-09 19:58:33;False;0.6606437662870026;0.6741487631582205;0.6673621040563895;False
907;2011-09-11 13:56:18;False;0.6612919621606873;0.6741487631582205;0.6676894176015523;False
908;2011-09-11 14:43:41;False;0.6619383316868325;0.6741487631582205;0.6680156492131708;False
909;2011-09-12 09:35:12;True;0.6619383316868325;0.6762548715671592;0.6690583094770279;False
910;2011-09-12 15:21:06;False;0.6625828822512719;0.6762548715671592;0.6693839719767961;False
911;2011-09-12 16:55:01;False;0.6632256212001439;0.6762548715671592;0.6697085614539751;False
912;2011-09-14 10:36:16;False;0.6638665558401582;0.6762548715671592;0.6700320831552908;False
913;2011-09-14 10:36:58;False;0.6645056934388598;0.6762548715671592;0.6703545422924665;False
914;2011-09-14 10:40:54;False;0.6651430412248915;0.6762548715671592;0.6706759440425225;False
915;2011-09-14 12:17:14;False;0.6657786063882538;0.6762548715671592;0.6709962935480723;False
916;2011-09-14 16:58:18;False;0.6645160791349003;0.6762548715671592;0.6703597808264486;False
917;2011-09-15 09:54:39;False;0.6651516932673163;0.6762548715671592;0.6706803060349747;False
918;2011-09-15 09:56:52;False;0.6657855361055703;0.6762548715671592;0.6709997855516384;False
919;2011-09-16 08:54:02;True;0.6657855361055703;0.6783359973130147;0.6720314692265179;False
920;2011-09-16 08:57:28;False;0.6664176147276607;0.6783359973130147;0.6723503977192608;False
921;2011-09-16 09:00:14;False;0.6670479361740004;0.6783359973130147;0.6726682890103998;False
922;2011-09-16 11:34:14;False;0.6676765074476658;0.6783359973130147;0.6729851480991115;False
923;2011-09-16 12:43:02;False;0.6664171370332652;0.6783359973130147;0.6723501567456827;False
924;2011-09-16 15:43:26;False;0.6651612550021765;0.6783359973130147;0.6717163264994218;False
925;2011-09-16 16:10:44;False;0.6639088475064786;0.6783359973130147;0.6710836536514962;False
926;2011-09-16 16:11:05;False;0.6645411028969673;0.6783359973130147;0.6714031216706585;False
927;2011-09-16 20:41:48;False;0.6651716132801815;0.6783359973130147;0.671721556657756;False
928;2011-09-17 09:44:43;True;0.6651716132801815;0.6803925812682661;0.6727390511528817;False
929;2011-09-19 10:05:24;False;0.663922491384356;0.6803925812682661;0.6721070879518086;False
930;2011-09-19 11:18:14;False;0.664553055810224;0.6803925812682661;0.672426181102753;False
931;2011-09-20 10:37:59;False;0.6633072817218315;0.6803925812682661;0.6717956189085739;False
932;2011-09-21 09:38:09;False;0.662064929533739;0.6803925812682661;0.6711661987709552;False
933;2011-09-21 11:28:56;False;0.660825985785578;0.6803925812682661;0.6705379170768764;False
934;2011-09-21 12:05:12;False;0.661460140647455;0.6803925812682661;0.6708595773343272;False
935;2011-09-21 12:19:30;True;0.661460140647455;0.6824250539925972;0.6718608279958658;False
936;2011-09-21 12:33:44;False;0.6620925598105314;0.6824250539925972;0.6721819328699625;False
937;2011-09-21 12:45:26;False;0.660856791423903;0.6824250539925972;0.6715543399970187;False
938;2011-09-21 13:31:55;False;0.6596243973663654;0.6824250539925972;0.670927876144356;False
939;2011-09-21 13:32:27;False;0.6602585958907123;0.6824250539925972;0.6712503318060974;False
940;2011-09-21 13:54:17;False;0.660891066787666;0.6824250539925972;0.6715717548674885;False
941;2011-09-21 13:55:32;False;0.6596617950043545;0.6824250539925972;0.6709468951211416;False
942;2011-09-21 15:10:26;False;0.6584358640206985;0.6824250539925972;0.6703231534528609;False
943;2011-09-21 15:17:53;False;0.6590700904038418;0.6824250539925972;0.670645914047605;False
944;2011-09-21 15:18:13;False;0.6597025971861854;0.6824250539925972;0.6709676449008843;False
945;2011-09-21 15:48:53;False;0.6584797364239046;0.6824250539925972;0.6703454853149339;False
946;2011-09-21 16:19:01;False;0.6591122570816339;0.6824250539925972;0.6706673673484618;False
